Id,LotArea,Street,Utilities,LotConfig,Neighborhood,HouseStyle,YearBuilt,RoofStyle,GrLivArea,SaleType,SaleCondition,SalePrice
3,11250,Pave,AllPub,Inside,CollgCr,2Story,2001,Gable,1786,WD,Normal,223500
4,9550,Pave,AllPub,Corner,Crawfor,2Story,1915,Gable,1717,WD,Abnorml,140000
5,14260,Pave,AllPub,FR2,NoRidge,2Story,2000,Gable,2198,WD,Normal,250000
7,10084,Pave,AllPub,Inside,Somerst,1Story,2004,Gable,1694,WD,Normal,307000
9,6120,Pave,AllPub,Inside,OldTown,1.5Fin,1931,Gable,1774,WD,Abnorml,129900
11,11200,Pave,AllPub,Inside,Sawyer,1Story,1965,Hip,1040,WD,Normal,129500
12,11924,Pave,AllPub,Inside,NridgHt,2Story,2005,Hip,2324,New,Partial,345000
13,12968,Pave,AllPub,Inside,Sawyer,1Story,1962,Hip,912,WD,Normal,144000
14,10652,Pave,AllPub,Inside,CollgCr,1Story,2006,Gable,1494,New,Partial,279500
15,10920,Pave,AllPub,Corner,NAmes,1Story,1960,Hip,1253,WD,Normal,157000
17,11241,Pave,AllPub,CulDSac,NAmes,1Story,1970,Gable,1004,WD,Normal,149000
18,10791,Pave,AllPub,Inside,Sawyer,1Story,1967,Gable,1296,WD,Normal,90000
21,14215,Pave,AllPub,Corner,NridgHt,2Story,2005,Gable,2376,New,Partial,325300
23,9742,Pave,AllPub,Inside,CollgCr,1Story,2002,Hip,1795,WD,Normal,230000
24,4224,Pave,AllPub,Inside,MeadowV,1Story,1976,Gable,1060,WD,Normal,129900
25,8246,Pave,AllPub,Inside,Sawyer,1Story,1968,Gable,1060,WD,Normal,154000
26,14230,Pave,AllPub,Corner,NridgHt,1Story,2007,Gable,1600,WD,Normal,256300
27,7200,Pave,AllPub,Corner,NAmes,1Story,1951,Gable,900,WD,Normal,134800
30,6324,Pave,AllPub,Inside,BrkSide,1Story,1927,Gable,520,WD,Normal,68500
32,8544,Pave,AllPub,CulDSac,Sawyer,1Story,1966,Gable,1228,WD,Normal,149350
33,11049,Pave,AllPub,Corner,CollgCr,1Story,2007,Gable,1234,WD,Normal,179900
34,10552,Pave,AllPub,Inside,NAmes,1Story,1959,Hip,1700,WD,Normal,165500
35,7313,Pave,AllPub,Inside,NridgHt,1Story,2005,Hip,1561,WD,Normal,277500
36,13418,Pave,AllPub,Inside,NridgHt,2Story,2004,Gable,2452,WD,Normal,309000
38,8532,Pave,AllPub,Inside,NAmes,1Story,1954,Hip,1297,WD,Normal,153000
39,7922,Pave,AllPub,Inside,NAmes,1Story,1953,Gable,1057,WD,Abnorml,109000
40,6040,Pave,AllPub,Inside,Edwards,1Story,1955,Gable,1152,WD,AdjLand,82000
41,8658,Pave,AllPub,Inside,NAmes,1Story,1965,Gable,1324,WD,Abnorml,160000
43,9180,Pave,AllPub,CulDSac,SawyerW,SFoyer,1983,Gable,884,WD,Normal,144000
44,9200,Pave,AllPub,CulDSac,CollgCr,1Story,1975,Hip,938,WD,Normal,130250
45,7945,Pave,AllPub,Inside,NAmes,1Story,1959,Gable,1150,WD,Normal,141000
49,4456,Pave,AllPub,Inside,OldTown,2Story,1920,Gable,1452,New,Partial,113000
51,13869,Pave,AllPub,Corner,Gilbert,2Story,1997,Gable,1470,WD,Normal,177000
54,50271,Pave,AllPub,Inside,Veenker,1Story,1981,Gable,1842,WD,Normal,385000
56,10175,Pave,AllPub,Inside,NAmes,1Story,1964,Gable,1425,WD,Normal,180500
59,13682,Pave,AllPub,CulDSac,StoneBr,2Story,2006,Hip,2945,New,Partial,438780
60,7200,Pave,AllPub,Inside,CollgCr,1Story,1972,Gable,780,WD,Normal,124900
61,13072,Pave,AllPub,Inside,SawyerW,1Story,2004,Gable,1158,New,Partial,158000
62,7200,Pave,AllPub,Inside,IDOTRR,2.5Unf,1920,Gable,1111,WD,Normal,101000
63,6442,Pave,AllPub,Inside,NridgHt,1Story,2006,Gable,1370,WD,Normal,202500
64,10300,Pave,AllPub,Inside,OldTown,2Story,1921,Gable,1710,WD,Normal,140000
66,9591,Pave,AllPub,Inside,NridgHt,2Story,2004,Gable,2473,WD,Normal,317000
67,19900,Pave,AllPub,Inside,NAmes,1Story,1970,Gable,2207,WD,Normal,180000
68,10665,Pave,AllPub,Inside,CollgCr,1Story,2003,Gable,1479,WD,Normal,226000
70,15593,Pave,AllPub,Corner,ClearCr,1.5Fin,1953,Gable,2287,WD,Normal,225000
71,13651,Pave,AllPub,Inside,NAmes,1Story,1973,Gable,2223,WD,Normal,244000
73,10141,Pave,AllPub,Corner,Gilbert,2Story,1998,Gable,1718,WD,Normal,185000
74,10200,Pave,AllPub,Inside,NAmes,1Story,1954,Gable,1086,WD,Normal,144900
75,5790,Pave,AllPub,Corner,OldTown,2Story,1915,Gambrel,1605,WD,Normal,107400
77,8475,Pave,AllPub,Inside,NAmes,1Story,1956,Gable,952,WD,Normal,135750
78,8635,Pave,AllPub,Inside,BrkSide,1.5Fin,1948,Gable,1285,WD,Normal,127000
79,10778,Pave,AllPub,Inside,Sawyer,1Story,1968,Hip,1768,WD,Normal,136500
81,13000,Pave,AllPub,Corner,NAmes,2Story,1968,Gable,2142,WD,Normal,193500
82,4500,Pave,AllPub,FR2,Mitchel,1Story,1998,Hip,1337,WD,Normal,153500
83,10206,Pave,AllPub,Inside,Somerst,1Story,2007,Gable,1563,WD,Normal,245000
84,8892,Pave,AllPub,Inside,NAmes,1Story,1960,Gable,1065,COD,Normal,126500
85,8530,Pave,AllPub,Inside,Gilbert,SLvl,1995,Gable,1474,WD,Normal,168500
86,16059,Pave,AllPub,Corner,NoRidge,2Story,1991,Hip,2417,WD,Normal,260000
88,3951,Pave,AllPub,Corner,Somerst,2Story,2009,Gable,1224,New,Partial,164500
96,9765,Pave,AllPub,Corner,Gilbert,2Story,1993,Gable,1470,WD,Normal,185000
99,10625,Pave,AllPub,Corner,Edwards,1Story,1920,Gable,835,COD,Abnorml,83000
100,9320,Pave,AllPub,Inside,NAmes,1Story,1959,Gable,1225,WD,Normal,128950
101,10603,Pave,AllPub,Inside,NWAmes,1Story,1977,Gable,1610,WD,Normal,205000
102,9206,Pave,AllPub,Inside,SawyerW,2Story,1985,Gable,1732,WD,Normal,178000
104,10402,Pave,AllPub,Corner,CollgCr,1Story,2009,Gable,1226,WD,Normal,198900
105,7758,Pave,AllPub,Corner,IDOTRR,1.5Fin,1931,Gable,1818,WD,Normal,169500
106,9375,Pave,AllPub,Inside,Somerst,2Story,2003,Hip,1992,WD,Normal,250000
108,6000,Pave,AllPub,Inside,OldTown,1Story,1948,Gable,789,WD,Partial,115000
109,8500,Pave,AllPub,Corner,IDOTRR,1.5Fin,1919,Gable,1517,WD,Normal,115000
110,11751,Pave,AllPub,Inside,NWAmes,1Story,1977,Hip,1844,COD,Normal,190000
111,9525,Pave,AllPub,Inside,Edwards,1.5Fin,1954,Gable,1855,WD,Normal,136900
112,7750,Pave,AllPub,Inside,Gilbert,SLvl,2000,Gable,1430,WD,Normal,180000
115,7259,Pave,AllPub,Inside,Crawfor,2Story,1945,Gambrel,2320,WD,Normal,259500
116,3230,Pave,AllPub,Corner,Somerst,2Story,1999,Gable,1458,WD,Normal,176000
118,8536,Pave,AllPub,Corner,Edwards,1Story,2006,Gable,1125,New,Partial,155000
119,12376,Pave,AllPub,Corner,SawyerW,2Story,1990,Hip,3222,WD,Normal,320000
120,8461,Pave,AllPub,Inside,CollgCr,2Story,2005,Gable,1456,New,Partial,163990
123,9464,Pave,AllPub,Corner,NAmes,1Story,1958,Hip,1080,WD,Normal,136000
124,7892,Pave,AllPub,Inside,SawyerW,1Story,1993,Gable,1199,WD,Normal,153900
125,17043,Pave,AllPub,CulDSac,NWAmes,1Story,1979,Gable,1586,WD,Normal,181000
126,6780,Pave,AllPub,Inside,IDOTRR,1.5Fin,1935,Gable,754,WD,Normal,84500
127,4928,Pave,AllPub,Inside,NPkVill,1Story,1976,Gable,958,WD,Normal,128000
129,7590,Pave,AllPub,Inside,NAmes,2Story,1966,Gable,1348,WD,Normal,155000
130,8973,Pave,AllPub,Inside,NAmes,1Story,1958,Gable,1053,WD,Abnorml,150000
131,14200,Pave,AllPub,Corner,NAmes,2Story,1966,Gable,2157,WD,Normal,226000
132,12224,Pave,AllPub,Corner,Gilbert,2Story,2000,Gable,2054,WD,Normal,244000
134,6853,Pave,AllPub,Inside,Timber,1Story,2001,Gable,1296,WD,Normal,220000
135,10335,Pave,AllPub,Inside,Sawyer,1Story,1968,Gable,1721,WD,Normal,180000
136,10400,Pave,AllPub,Inside,NWAmes,1Story,1970,Hip,1682,WD,Normal,174000
137,10355,Pave,AllPub,Corner,NAmes,1Story,1967,Gable,1214,WD,Normal,143000
138,11070,Pave,AllPub,Inside,Mitchel,1Story,1988,Gable,1959,WD,Family,171000
139,9066,Pave,AllPub,Inside,CollgCr,2Story,1999,Gable,1852,WD,Normal,230000
140,15426,Pave,AllPub,Inside,CollgCr,2Story,1997,Gable,1764,WD,Normal,231500
141,10500,Pave,AllPub,FR2,NAmes,1Story,1971,Gable,864,ConLI,Normal,115000
143,8520,Pave,AllPub,Corner,NAmes,1.5Fin,1952,Gable,1385,WD,Normal,166000
144,10335,Pave,AllPub,Inside,CollgCr,1Story,1999,Gable,1501,WD,Normal,204000
146,2522,Pave,AllPub,Inside,Edwards,2Story,2004,Gable,1709,WD,Normal,130000
147,6120,Pave,AllPub,Corner,BrkSide,1Story,1931,Gable,875,WD,Normal,105000
148,9505,Pave,AllPub,CulDSac,Gilbert,2Story,2001,Gable,2035,WD,Normal,222500
149,7500,Pave,AllPub,Inside,SawyerW,1Story,2004,Gable,1080,WD,Normal,141000
151,10356,Pave,AllPub,Corner,CollgCr,1Story,1975,Gable,969,WD,Normal,122000
152,13891,Pave,AllPub,Inside,NridgHt,1Story,2007,Hip,1710,New,Partial,372402
153,14803,Pave,AllPub,CulDSac,NWAmes,2Story,1971,Gable,1993,WD,Normal,190000
154,13500,Pave,AllPub,Inside,ClearCr,1Story,1960,Flat,1252,WD,Normal,235000
157,7200,Pave,AllPub,Inside,NAmes,1Story,1950,Hip,1040,WD,Normal,109500
158,12003,Pave,AllPub,Corner,Timber,2Story,2009,Gable,1968,New,Partial,269500
159,12552,Pave,AllPub,Corner,Somerst,2Story,2004,Gable,1947,WD,Normal,254900
160,19378,Pave,AllPub,Corner,Gilbert,2Story,2005,Gable,2462,New,Partial,320000
161,11120,Pave,AllPub,CulDSac,Veenker,1Story,1984,Gable,1232,WD,Normal,162500
162,13688,Pave,AllPub,Inside,NridgHt,2Story,2003,Gable,2668,WD,Normal,412500
163,12182,Pave,AllPub,Corner,NridgHt,1Story,2005,Gable,1541,New,Partial,220000
164,5500,Pave,AllPub,Inside,OldTown,1.5Unf,1956,Gable,882,WD,Normal,103200
165,5400,Pave,AllPub,Corner,OldTown,1Story,1926,Gable,1616,WD,Normal,152000
166,10106,Pave,AllPub,Inside,Edwards,1.5Fin,1940,Gable,1355,WD,Normal,127500
169,8244,Pave,AllPub,Inside,Gilbert,2Story,2004,Gable,1720,WD,Normal,183500
170,16669,Pave,AllPub,Corner,Timber,1Story,1981,Hip,1707,WD,Normal,228000
171,12358,Pave,AllPub,Inside,OldTown,1.5Fin,1941,Gable,1382,WD,Normal,128500
172,31770,Pave,AllPub,Corner,NAmes,1Story,1960,Hip,1656,WD,Normal,215000
178,13650,Pave,AllPub,Inside,Sawyer,1.5Fin,1958,Gable,1920,WD,Normal,172500
179,17423,Pave,AllPub,CulDSac,StoneBr,1Story,2008,Hip,2234,New,Partial,501837
180,8520,Pave,AllPub,Inside,OldTown,1Story,1923,Gable,968,WD,Normal,100000
181,2117,Pave,AllPub,Inside,Somerst,2Story,2000,Gable,1525,WD,Normal,177000
184,11426,Pave,AllPub,Inside,OldTown,1.5Fin,2003,Gable,2082,WD,Normal,200000
185,7438,Pave,AllPub,Inside,BrkSide,1.5Fin,1908,Gable,1252,WD,Normal,127000
186,22950,Pave,AllPub,Inside,OldTown,2.5Fin,1892,Gable,3608,WD,Normal,475000
187,9947,Pave,AllPub,CulDSac,Mitchel,SLvl,1990,Gable,1217,WD,Normal,173000
188,10410,Pave,AllPub,Inside,OldTown,1.5Fin,1916,Gable,1656,WD,Normal,135000
190,4923,Pave,AllPub,Inside,StoneBr,1Story,2001,Gable,1593,WD,Normal,286000
191,10570,Pave,AllPub,Inside,Crawfor,2Story,1932,Hip,2727,WD,Normal,315000
194,2522,Pave,AllPub,Inside,Edwards,2Story,2004,Gable,1709,WD,Normal,130000
195,7180,Pave,AllPub,Inside,CollgCr,1Story,1972,Hip,864,WD,Normal,127000
197,9416,Pave,AllPub,Inside,Somerst,1Story,2007,Hip,1726,New,Partial,311872
198,25419,Pave,AllPub,Corner,NAmes,2Story,1918,Gable,3112,WD,Abnorml,235000
199,5520,Pave,AllPub,Corner,OldTown,2.5Fin,1912,Gable,2229,WD,Abnorml,104000
202,10125,Pave,AllPub,Inside,Mitchel,1Story,1977,Gable,1279,WD,Normal,171500
204,4438,Pave,AllPub,Inside,CollgCr,1Story,2004,Gable,848,WD,Normal,149000
207,13673,Pave,AllPub,CulDSac,Sawyer,1Story,1962,Gable,1696,WD,Normal,143900
208,12493,Pave,AllPub,Inside,NAmes,1Story,1960,Gable,1100,WD,Normal,141000
209,14364,Pave,AllPub,Inside,SawyerW,2Story,1988,Gable,2062,WD,Normal,277000
210,8250,Pave,AllPub,Inside,NAmes,1Story,1964,Hip,1092,WD,Normal,145000
214,13568,Pave,AllPub,CulDSac,CollgCr,1Story,1995,Gable,990,WD,Normal,156000
216,10011,Pave,AllPub,Inside,NAmes,1Story,1957,Gable,1236,WD,Normal,134450
217,8450,Pave,AllPub,Inside,CollgCr,1Story,2004,Gable,1436,WD,Normal,210000
219,15660,Pave,AllPub,Corner,Crawfor,1.5Fin,1939,Gable,1954,WD,Normal,311500
223,11475,Pave,AllPub,Inside,NWAmes,2Story,1975,Gable,1552,WD,Normal,179900
224,10500,Pave,AllPub,FR2,NAmes,1Story,1971,Gable,864,WD,Abnorml,97000
225,13472,Pave,AllPub,Inside,NridgHt,1Story,2003,Hip,2392,WD,Normal,386250
227,9950,Pave,AllPub,Inside,NoRidge,2Story,1995,Gable,2520,WD,Abnorml,290000
228,1869,Pave,AllPub,Inside,BrDale,2Story,1970,Gable,987,WD,Normal,106000
229,8521,Pave,AllPub,FR2,Sawyer,1Story,1967,Gable,912,WD,Normal,125000
230,3182,Pave,AllPub,Inside,Blmngtn,1Story,2005,Gable,1555,WD,Normal,192500
231,8760,Pave,AllPub,Inside,NAmes,1Story,1959,Hip,1194,WD,Normal,148000
232,15138,Pave,AllPub,Inside,NoRidge,2Story,1995,Gable,2794,WD,Normal,403000
233,1680,Pave,AllPub,Inside,BrDale,2Story,1972,Gable,987,WD,Normal,94500
234,10650,Pave,AllPub,Corner,CollgCr,1Story,1976,Gable,894,WD,Normal,128200
238,9453,Pave,AllPub,CulDSac,SawyerW,2Story,1993,Gable,1744,WD,Normal,194500
239,12030,Pave,AllPub,Inside,NridgHt,1Story,2007,Hip,1694,New,Partial,318000
240,8741,Pave,AllPub,Inside,Edwards,1.5Fin,1945,Gable,1487,WD,Normal,113000
241,9000,Pave,AllPub,Inside,Somerst,1Story,2008,Gable,1566,WD,Normal,262500
243,5000,Pave,AllPub,Corner,OldTown,1.5Fin,1900,Gable,1440,WD,Normal,79000
244,10762,Pave,AllPub,Corner,SawyerW,2Story,1980,Gable,1217,WD,Normal,120000
245,8880,Pave,AllPub,Inside,SawyerW,2Story,1994,Gable,2110,WD,Normal,205000
246,10400,Pave,AllPub,Inside,NWAmes,1Story,1988,Gable,1872,WD,Normal,241500
247,9142,Pave,AllPub,Inside,OldTown,2Story,1910,Gable,1928,WD,Normal,137000
248,11310,Pave,AllPub,Inside,NAmes,1Story,1954,Hip,1375,WD,Normal,140000
249,11317,Pave,AllPub,Inside,CollgCr,2Story,2003,Gable,1668,WD,Normal,180000
250,159000,Pave,AllPub,CulDSac,ClearCr,1.5Fin,1958,Gable,2144,WD,Normal,277000
253,8366,Pave,AllPub,Inside,SawyerW,2Story,2004,Gable,1640,WD,Normal,173000
255,8400,Pave,AllPub,Inside,NAmes,1Story,1957,Gable,1314,WD,Normal,145000
256,8738,Pave,AllPub,Inside,Gilbert,2Story,1999,Gable,2291,WD,Normal,230000
257,8791,Pave,AllPub,Inside,Somerst,2Story,2003,Gable,1728,WD,Normal,207500
258,8814,Pave,AllPub,Inside,CollgCr,1Story,2006,Gable,1604,WD,Abnorml,220000
261,19296,Pave,AllPub,Corner,NAmes,SLvl,1962,Gable,1382,WD,Normal,176000
262,9588,Pave,AllPub,Inside,CollgCr,2Story,2007,Gable,2574,New,Partial,276000
263,8471,Pave,AllPub,Corner,Sawyer,SLvl,1977,Gable,1212,WD,Normal,151000
264,5500,Pave,AllPub,Corner,OldTown,1.5Fin,1929,Gable,1316,WD,Normal,130000
265,5232,Pave,AllPub,Inside,OldTown,1Story,1925,Gable,764,WD,Normal,73000
267,11207,Pave,AllPub,FR2,Gilbert,2Story,1997,Gable,1511,WD,Normal,185000
268,8400,Pave,AllPub,Inside,SWISU,2.5Fin,1939,Gable,2192,WD,Normal,179500
269,6900,Pave,AllPub,Inside,IDOTRR,1Story,1940,Gable,778,WD,Normal,120500
270,7917,Pave,AllPub,Corner,Edwards,1Story,1976,Hip,1113,WD,Normal,148000
272,39104,Pave,AllPub,CulDSac,ClearCr,1Story,1954,Flat,1363,WD,Normal,241500
273,11764,Pave,AllPub,CulDSac,NoRidge,2Story,1999,Gable,2270,WD,Normal,290000
275,8314,Pave,AllPub,Corner,Mitchel,1Story,1982,Gable,816,WD,Normal,124500
276,7264,Pave,AllPub,Inside,BrkSide,1.5Fin,1925,Gable,1548,WD,Normal,205000
277,9196,Pave,AllPub,Inside,Mitchel,1Story,2003,Gable,1560,WD,Normal,201000
279,14450,Pave,AllPub,Inside,NridgHt,1Story,2006,Gable,2121,New,Partial,415298
280,10005,Pave,AllPub,Inside,ClearCr,2Story,1977,Hip,2022,WD,Normal,192000
281,11287,Pave,AllPub,Inside,SawyerW,2Story,1989,Gable,1982,WD,Normal,228500
282,7200,Pave,AllPub,Inside,Somerst,1Story,2006,Gable,1262,New,Partial,185000
283,5063,Pave,AllPub,Inside,NridgHt,1Story,2007,Gable,1314,ConLw,Normal,207500
284,9612,Pave,AllPub,Inside,Somerst,1Story,2008,Gable,1468,New,Partial,244600
285,8012,Pave,AllPub,Inside,SawyerW,1Story,1992,Gable,1575,WD,Normal,179200
287,9786,Pave,AllPub,Inside,NAmes,1.5Fin,1962,Gable,1734,WD,Normal,159000
288,8125,Pave,AllPub,Corner,NAmes,1Story,1971,Gable,858,WD,Normal,88000
289,9819,Pave,AllPub,Inside,Sawyer,1Story,1967,Gable,900,WD,Normal,122000
291,15611,Pave,AllPub,Inside,CollgCr,2Story,2006,Gable,1919,New,Partial,233230
292,5687,Pave,AllPub,Inside,SWISU,2Story,1912,Gable,1716,WD,Normal,135900
293,11409,Pave,AllPub,Inside,Edwards,1.5Fin,1949,Gable,1716,WD,Normal,131000
294,16659,Pave,AllPub,Corner,NWAmes,2Story,1977,Gable,2263,WD,Normal,235000
295,9600,Pave,AllPub,Inside,NAmes,1Story,1953,Hip,1644,WD,Normal,167000
296,7937,Pave,AllPub,CulDSac,Mitchel,SLvl,1984,Gable,1003,WD,Normal,142500
297,13710,Pave,AllPub,Inside,IDOTRR,1.5Fin,1950,Gable,1558,WD,Normal,152000
299,11700,Pave,AllPub,Inside,NWAmes,2Story,1968,Mansard,1743,WD,Normal,175000
300,14000,Pave,AllPub,Inside,Crawfor,1Story,1950,Gable,1152,WD,Family,158500
301,15750,Pave,AllPub,Corner,Crawfor,1Story,1953,Hip,1336,WD,Normal,157000
304,9800,Pave,AllPub,Corner,CollgCr,1Story,1972,Gable,894,WD,Abnorml,149900
305,18386,Pave,AllPub,Inside,OldTown,2.5Fin,1880,Gable,3493,WD,Normal,295000
306,10386,Pave,AllPub,Inside,CollgCr,1Story,2004,Gable,2000,WD,Normal,305900
307,13474,Pave,AllPub,Inside,SawyerW,2Story,1990,Gable,2243,WD,Normal,225000
308,7920,Pave,AllPub,Inside,IDOTRR,1.5Fin,1920,Gable,1406,WD,Normal,89500
309,12342,Pave,AllPub,Inside,Edwards,1Story,1940,Gable,861,WD,Normal,82500
311,7685,Pave,AllPub,Inside,Gilbert,2Story,1993,Gable,1501,WD,Normal,165600
312,8000,Pave,AllPub,Inside,NAmes,1Story,1948,Gable,972,WD,Normal,132000
314,215245,Pave,AllPub,Inside,Timber,1Story,1965,Hip,2036,WD,Normal,375000
319,9900,Pave,AllPub,Inside,NoRidge,2Story,1993,Gable,2646,WD,Normal,260000
321,16259,Pave,AllPub,Corner,NridgHt,2Story,2006,Gable,2596,New,Partial,342643
322,12099,Pave,AllPub,Inside,NridgHt,2Story,2004,Gable,2468,WD,Normal,354000
324,5820,Pave,AllPub,Inside,OldTown,1Story,1955,Gable,1163,WD,Normal,126175
325,11275,Pave,AllPub,Corner,NAmes,SLvl,1967,Mansard,2978,WD,Normal,242000
326,5000,Pave,AllPub,Inside,IDOTRR,1.5Unf,1941,Gable,803,WD,Normal,87000
327,10846,Pave,AllPub,CulDSac,Veenker,1Story,1993,Gable,1719,Con,Normal,324000
328,11600,Pave,AllPub,Inside,NAmes,1Story,1960,Hip,1383,WD,Normal,145250
329,11888,Pave,AllPub,Inside,BrkSide,2.5Unf,1916,Gable,2134,WD,Normal,214500
330,6402,Pave,AllPub,Corner,IDOTRR,2Story,1920,Gable,1192,WD,Normal,78000
331,10624,Pave,AllPub,Inside,NAmes,1Story,1964,Gable,1728,WD,Normal,119000
332,8176,Pave,AllPub,Inside,NAmes,1Story,1958,Gable,1056,WD,Normal,139000
334,8198,Pave,AllPub,FR3,NridgHt,1Story,2004,Gable,1358,WD,Normal,207000
335,9042,Pave,AllPub,Inside,Gilbert,2Story,1998,Gable,1638,WD,Normal,192000
336,164660,Grvl,AllPub,Corner,Timber,1.5Fin,1965,Gable,1786,WD,Normal,228950
337,14157,Pave,AllPub,Corner,StoneBr,1Story,2005,Hip,1922,WD,Normal,377426
339,14145,Pave,AllPub,Corner,NWAmes,1Story,1984,Gable,1621,WD,Normal,202500
340,12400,Pave,AllPub,Inside,NAmes,1Story,1958,Hip,1215,WD,Normal,155000
341,14191,Pave,AllPub,Inside,Timber,2Story,2002,Gable,1908,WD,Normal,202900
342,8400,Pave,AllPub,Inside,SawyerW,1Story,1950,Gable,841,WD,Normal,82000
344,8849,Pave,AllPub,Inside,NridgHt,1Story,2005,Hip,1684,WD,Normal,266000
345,2592,Pave,AllPub,Inside,MeadowV,2Story,1976,Gable,1112,WD,Normal,85000
346,6435,Pave,AllPub,Inside,BrkSide,1.5Fin,1939,Gable,1577,WD,Normal,140200
349,2448,Pave,AllPub,Inside,NridgHt,2Story,2003,Gable,1626,WD,Normal,154000
352,5271,Pave,AllPub,Inside,ClearCr,1Story,1986,Gable,1453,WD,Abnorml,190000
353,9084,Pave,AllPub,Inside,Edwards,1.5Fin,1941,Gable,1111,ConLw,Normal,95000
354,8520,Pave,AllPub,Inside,OldTown,1Story,1928,Gable,720,WD,Normal,105900
355,8400,Pave,AllPub,Inside,SWISU,1.5Fin,1940,Gable,1595,WD,Normal,140000
356,11249,Pave,AllPub,Inside,CollgCr,1Story,1995,Gable,1200,WD,Normal,177500
357,9248,Pave,AllPub,Inside,Gilbert,1Story,1992,Gable,1167,WD,Normal,173000
359,6930,Pave,AllPub,Inside,ClearCr,SLvl,1958,Hip,1352,WD,Abnorml,130000
360,12011,Pave,AllPub,CulDSac,NoRidge,2Story,1998,Gable,1924,WD,Normal,280000
362,9144,Pave,AllPub,Inside,BrkSide,1.5Fin,1940,Gable,1505,WD,Normal,145000
363,7301,Pave,AllPub,Corner,Edwards,SFoyer,2003,Gable,1922,ConLD,Normal,198500
364,1680,Pave,AllPub,Inside,BrDale,2Story,1972,Gable,987,WD,Normal,118000
365,18800,Pave,AllPub,FR2,NWAmes,2Story,1976,Gable,1574,WD,Normal,190000
366,10690,Pave,AllPub,Inside,IDOTRR,2Story,1920,Hip,1344,WD,Normal,147000
367,9500,Pave,AllPub,Inside,NAmes,1Story,1963,Gable,1394,WD,Normal,159000
370,9830,Pave,AllPub,Corner,NAmes,1Story,1959,Gable,1287,WD,Normal,162000
372,17120,Pave,AllPub,Inside,ClearCr,1.5Fin,1959,Gable,1588,WD,Normal,134432
373,7175,Pave,AllPub,Inside,SawyerW,1Story,1984,Gable,752,WD,Normal,125000
374,10634,Pave,AllPub,Inside,NAmes,1Story,1953,Gable,1319,WD,Normal,123000
375,8200,Pave,AllPub,Inside,CollgCr,2Story,2003,Gable,1928,WD,Normal,219500
376,10020,Pave,AllPub,Inside,Edwards,1Story,1922,Gable,904,WD,Normal,61000
378,11143,Pave,AllPub,Corner,Somerst,2Story,2004,Gable,2466,WD,Normal,340000
380,8123,Pave,AllPub,Inside,Gilbert,2Story,2000,Gable,1800,WD,Normal,179000
381,5000,Pave,AllPub,Inside,SWISU,1.5Fin,1924,Gable,1691,WD,Normal,127000
382,7200,Pave,AllPub,Inside,Somerst,1Story,2006,Gable,1301,New,Partial,187750
383,9245,Pave,AllPub,Inside,CollgCr,2Story,2006,Gable,1797,WD,Normal,213500
384,9000,Pave,AllPub,Corner,SawyerW,1.5Unf,1928,Gable,784,WD,Normal,76000
385,53107,Pave,AllPub,Corner,ClearCr,2Story,1992,Gable,1953,WD,Normal,240000
386,3182,Pave,AllPub,Inside,Blmngtn,1Story,2004,Gable,1269,WD,Normal,192000
389,9382,Pave,AllPub,CulDSac,CollgCr,1Story,1999,Gable,1479,WD,Normal,191000
390,12474,Pave,AllPub,Inside,NridgHt,2Story,2007,Gable,2332,New,Partial,426000
391,8405,Pave,AllPub,Inside,Edwards,1.5Fin,1900,Gable,1367,WD,Normal,119000
393,8339,Pave,AllPub,Inside,NAmes,1Story,1959,Gable,882,WD,Normal,106500
394,7446,Pave,AllPub,Corner,BrkSide,1Story,1941,Gable,788,WD,Abnorml,100000
395,10134,Pave,AllPub,Inside,OldTown,1.5Fin,1940,Gable,1034,WD,Normal,109000
397,7200,Pave,AllPub,Inside,CollgCr,1Story,1972,Hip,894,WD,Normal,123000
398,7590,Pave,AllPub,Inside,NAmes,2Story,1962,Gable,1812,WD,Normal,169500
399,8967,Pave,AllPub,Corner,IDOTRR,1Story,1920,Gable,1077,WD,Abnorml,67000
400,8125,Pave,AllPub,Inside,Somerst,2Story,2006,Gable,1550,WD,Normal,241000
402,8767,Pave,AllPub,Inside,CollgCr,1Story,2005,Gable,1310,New,Partial,164990
404,12090,Pave,AllPub,Corner,NoRidge,2Story,1998,Hip,2263,WD,Abnorml,258000
405,10364,Pave,AllPub,Inside,Gilbert,2Story,1995,Gable,1572,WD,Normal,168000
406,9991,Pave,AllPub,Corner,Sawyer,1Story,1976,Gable,1620,WD,Normal,150000
407,10480,Pave,AllPub,Inside,SWISU,1.5Fin,1936,Gable,1639,WD,Normal,115000
408,15576,Pave,AllPub,Inside,Crawfor,2Story,1915,Gable,1680,WD,Normal,177000
410,10800,Pave,AllPub,Inside,Somerst,2Story,2007,Gable,2078,New,Partial,339750
411,9571,Pave,AllPub,Inside,Edwards,1Story,1958,Gable,1276,COD,Abnorml,60000
412,34650,Pave,AllPub,Inside,Gilbert,1Story,1955,Hip,1056,WD,Normal,145000
413,4403,Pave,AllPub,Inside,Somerst,1Story,2009,Gable,1478,New,Partial,222000
416,8899,Pave,AllPub,Inside,Gilbert,1Story,2007,Gable,1340,New,Partial,181134
417,7844,Pave,AllPub,Inside,Sawyer,2Story,1978,Hip,1400,WD,Normal,149500
418,22420,Pave,AllPub,Inside,Crawfor,2Story,1918,Hip,2624,WD,Normal,239000
419,8160,Pave,AllPub,Inside,Edwards,1.5Fin,1940,Gable,1134,WD,AdjLand,126000
420,8450,Pave,AllPub,Inside,NAmes,1Story,1968,Gable,1056,WD,Normal,142000
421,7060,Pave,AllPub,Inside,Mitchel,SFoyer,1997,Gable,1344,WD,Alloca,206300
422,16635,Pave,AllPub,FR2,NWAmes,1Story,1977,Gable,1602,WD,Normal,215000
423,21750,Pave,AllPub,Inside,Mitchel,1Story,1954,Hip,988,WD,Normal,113000
424,9200,Pave,AllPub,Inside,NoRidge,2Story,1998,Gable,2630,WD,Normal,315000
425,9000,Pave,AllPub,Inside,NAmes,1Story,1956,Gable,1196,WD,Normal,139000
427,12800,Pave,AllPub,Inside,SawyerW,SLvl,1989,Gable,1644,WD,Normal,275000
428,8593,Pave,AllPub,Inside,NAmes,1Story,1957,Hip,907,WD,Normal,109008
431,1680,Pave,AllPub,Inside,BrDale,2Story,1971,Gable,987,COD,Abnorml,85400
432,5586,Pave,AllPub,Inside,OldTown,1.5Fin,1920,Gable,1198,ConLD,Abnorml,79900
433,1920,Pave,AllPub,Inside,BrDale,2Story,1971,Gable,1365,WD,Normal,122500
434,10839,Pave,AllPub,Corner,Gilbert,2Story,1997,Gable,1604,WD,Normal,181000
435,1890,Pave,AllPub,Inside,MeadowV,SFoyer,1972,Gable,630,WD,Normal,81000
437,4400,Pave,AllPub,Inside,OldTown,1.5Fin,1920,Gable,1118,WD,Normal,116000
438,6000,Pave,AllPub,Inside,BrkSide,1.5Unf,1926,Gable,904,WD,Normal,119000
439,4280,Pave,AllPub,Inside,Crawfor,1Story,1913,Gable,694,WD,Normal,90350
440,12354,Pave,AllPub,Corner,Edwards,1.5Fin,1920,Gable,1196,ConLI,Normal,110000
441,15431,Pave,AllPub,Inside,NridgHt,1Story,2008,Hip,2402,WD,Normal,555000
442,12108,Pave,AllPub,Inside,Edwards,1Story,1955,Gable,1440,WD,Normal,118000
443,6240,Pave,AllPub,Inside,BrkSide,1.5Fin,1930,Gable,1573,WD,Normal,162900
444,3922,Pave,AllPub,Inside,Blmngtn,1Story,2006,Gable,1258,New,Partial,172500
445,8750,Pave,AllPub,Inside,CollgCr,2Story,1994,Gable,1908,WD,Normal,210000
446,9855,Pave,AllPub,Corner,Edwards,1Story,1956,Hip,1689,COD,Normal,127500
448,11214,Pave,AllPub,Corner,Gilbert,2Story,1998,Gable,1886,WD,Normal,199900
449,8600,Pave,AllPub,Inside,IDOTRR,1.5Fin,1937,Gable,1376,WD,Normal,119500
450,6000,Pave,AllPub,Inside,OldTown,1.5Fin,1948,Gable,1183,WD,Normal,120000
451,5684,Pave,AllPub,Inside,OldTown,1Story,1930,Hip,813,WD,Normal,110000
452,70761,Pave,AllPub,Inside,ClearCr,1Story,1975,Gable,1533,WD,Normal,280000
453,9303,Pave,AllPub,Corner,Timber,2Story,1996,Hip,1756,WD,Normal,204000
454,9000,Pave,AllPub,Inside,Somerst,2Story,2008,Gable,1590,WD,Normal,210000
455,9297,Pave,AllPub,Inside,Mitchel,1Story,1976,Gable,1728,WD,Family,188000
458,53227,Pave,AllPub,CulDSac,ClearCr,1Story,1954,Flat,1663,WD,Normal,256000
459,5100,Pave,AllPub,Inside,OldTown,2Story,1925,Hip,1666,WD,Normal,161000
460,7015,Pave,AllPub,Corner,BrkSide,1.5Fin,1950,Gable,1203,WD,Normal,110000
461,8004,Pave,AllPub,Inside,Somerst,2Story,2009,Gable,1935,New,Partial,263435
462,7200,Pave,AllPub,Inside,SWISU,2Story,1936,Gable,1135,WD,Normal,155000
464,11988,Pave,AllPub,Inside,Crawfor,2Story,1934,Hip,1660,WD,Normal,188700
465,8430,Pave,AllPub,Inside,CollgCr,1Story,1978,Gable,1040,WD,Normal,124000
466,3072,Pave,AllPub,Inside,Blmngtn,1Story,2004,Hip,1414,WD,Normal,178740
467,10628,Pave,AllPub,Inside,NAmes,1Story,1970,Flat,1277,WD,Normal,167000
468,9480,Pave,AllPub,Inside,NAmes,2Story,1942,Gable,1644,WD,Normal,146500
471,6820,Pave,AllPub,Corner,StoneBr,1Story,1985,Gable,1502,WD,Normal,212000
472,11952,Pave,AllPub,Inside,NWAmes,2Story,1977,Mansard,1969,WD,Normal,190000
473,3675,Pave,AllPub,Inside,Edwards,SLvl,2005,Gable,1072,WD,Normal,148000
474,14977,Pave,AllPub,Inside,NridgHt,1Story,2006,Gable,1976,New,Partial,440000
475,5330,Pave,AllPub,Inside,StoneBr,1Story,2000,Gable,1652,WD,Normal,251000
478,13693,Pave,AllPub,Inside,NridgHt,2Story,2006,Hip,2643,WD,Normal,380000
480,5925,Pave,AllPub,Inside,OldTown,1Story,1937,Hip,1131,WD,Alloca,89471
481,16033,Pave,AllPub,FR2,NridgHt,1Story,2004,Hip,1850,WD,Normal,326000
483,2500,Pave,AllPub,Corner,OldTown,2Story,1915,Gable,1826,WD,Normal,155000
484,4500,Pave,AllPub,FR2,Mitchel,1Story,1998,Hip,1216,WD,Normal,164000
489,10800,Pave,AllPub,Corner,OldTown,1.5Fin,1900,Gable,2414,ConLD,Normal,160000
490,1526,Pave,AllPub,Inside,MeadowV,SFoyer,1970,Gable,630,WD,Normal,86000
492,9490,Pave,AllPub,Inside,NAmes,1.5Fin,1941,Gable,1578,WD,Normal,133000
494,7931,Pave,AllPub,Inside,NAmes,1Story,1960,Gable,1269,WD,Normal,155000
497,12692,Pave,AllPub,Inside,NoRidge,1Story,1992,Hip,3228,WD,Normal,430000
498,9120,Pave,AllPub,Inside,BrkSide,1.5Fin,1925,Gable,1820,WD,Normal,184000
500,7535,Pave,AllPub,Inside,NAmes,1Story,1958,Gable,912,WD,Normal,120000
501,1890,Pave,AllPub,Inside,BrDale,2Story,1973,Gable,1218,WD,Normal,113000
502,9803,Pave,AllPub,Inside,Somerst,2Story,2005,Gable,1768,WD,Normal,226700
504,15602,Pave,AllPub,Inside,Crawfor,1Story,1959,Gable,1801,WD,Normal,289000
506,7596,Pave,AllPub,Inside,OldTown,2Story,1952,Hip,1960,COD,Normal,124500
507,9554,Pave,AllPub,Inside,SawyerW,2Story,1993,Gable,1911,WD,Normal,215000
508,7862,Pave,AllPub,Inside,Somerst,1Story,2009,Gable,1218,New,Partial,208300
509,9600,Pave,AllPub,Inside,OldTown,2Story,1928,Gambrel,1378,WD,Normal,161000
512,6792,Pave,AllPub,Inside,NridgHt,1Story,2005,Gable,1368,New,Partial,202665
514,9187,Pave,AllPub,Corner,Mitchel,1Story,1983,Gable,1080,WD,Normal,134000
515,10594,Pave,AllPub,Inside,Crawfor,1.5Unf,1926,Gable,789,WD,Normal,96500
516,12220,Pave,AllPub,Inside,NridgHt,1Story,2009,Hip,2020,New,Partial,402861
517,10448,Pave,AllPub,Corner,NWAmes,SLvl,1972,Gable,2119,COD,Abnorml,158000
520,10918,Pave,AllPub,Inside,Crawfor,2Story,1926,Gambrel,2080,WD,Normal,234000
521,10800,Pave,AllPub,Inside,OldTown,2Story,1900,Gable,1294,WD,Normal,106250
522,11988,Pave,AllPub,Corner,NAmes,1Story,1957,Gable,1244,WD,Normal,150000
523,5000,Pave,AllPub,Corner,BrkSide,1.5Fin,1947,Gable,1664,WD,Normal,159000
524,40094,Pave,AllPub,Inside,Edwards,2Story,2007,Hip,4676,New,Partial,184750
525,11787,Pave,AllPub,Inside,NoRidge,2Story,1996,Gable,2398,WD,Normal,315750
526,7500,Pave,AllPub,Inside,Somerst,1Story,2005,Gable,1266,WD,Normal,176000
527,13300,Pave,AllPub,Inside,NAmes,1Story,1956,Hip,928,WD,Normal,132000
530,32668,Pave,AllPub,CulDSac,Crawfor,1Story,1957,Hip,2515,WD,Alloca,200624
531,10200,Pave,AllPub,Inside,Timber,SLvl,1988,Gable,1509,WD,Abnorml,175000
532,6155,Pave,AllPub,FR3,BrkSide,2Story,1920,Gable,1362,WD,Normal,128000
533,7200,Pave,AllPub,Inside,NAmes,1Story,1955,Gable,827,WD,Normal,107500
534,5000,Pave,AllPub,Inside,BrkSide,1Story,1946,Gable,334,WD,Normal,39300
536,7000,Pave,AllPub,Inside,Edwards,2Story,1910,Gable,1347,WD,Normal,107500
537,8924,Pave,AllPub,CulDSac,CollgCr,2Story,1998,Gable,1724,WD,Normal,188000
538,12735,Pave,AllPub,FR2,NAmes,1Story,1972,Hip,864,COD,Normal,111250
539,11553,Pave,AllPub,Inside,Sawyer,1Story,1968,Hip,1159,WD,Normal,158000
541,14601,Pave,AllPub,Inside,Timber,1Story,2006,Hip,1838,WD,Normal,315000
542,11000,Pave,AllPub,FR2,NoRidge,2Story,2000,Gable,2285,WD,Normal,248000
543,10140,Pave,AllPub,Inside,NWAmes,1Story,1998,Hip,1680,WD,Normal,213250
545,17104,Pave,AllPub,Inside,Gilbert,2Story,2006,Gable,1496,New,Partial,179665
547,8737,Pave,AllPub,Inside,BrkSide,1.5Fin,1923,Gable,1635,WD,Normal,210000
548,7244,Pave,AllPub,Inside,Mitchel,SFoyer,1970,Gable,768,WD,Normal,129500
549,8235,Pave,AllPub,Inside,OldTown,1Story,1955,Gable,825,WD,Normal,125000
550,9375,Pave,AllPub,Inside,Somerst,2Story,2003,Gable,2094,WD,Normal,263000
552,6000,Pave,AllPub,Inside,OldTown,1Story,1957,Hip,928,WD,Normal,112500
553,11146,Pave,AllPub,Inside,NridgHt,1Story,2006,Gable,1717,WD,Normal,255500
555,10625,Pave,AllPub,Inside,NridgHt,2Story,2003,Gable,2046,WD,Normal,284000
557,14850,Pave,AllPub,Inside,NAmes,1Story,1957,Gable,1092,WD,Normal,141000
559,21872,Pave,AllPub,FR2,Gilbert,2Story,1996,Gable,1446,WD,Normal,175000
560,3196,Pave,AllPub,Inside,Blmngtn,1Story,2003,Gable,1557,WD,Normal,234000
561,11341,Pave,AllPub,Inside,Sawyer,1Story,1957,Hip,1392,WD,Normal,121500
562,10010,Pave,AllPub,Inside,Mitchel,1Story,1974,Gable,1389,WD,Normal,170000
564,21780,Pave,AllPub,Inside,Edwards,1.5Fin,1918,Gable,1674,WD,Normal,185000
566,6858,Pave,AllPub,Corner,SWISU,2Story,1915,Gable,1647,WD,Normal,128000
569,12327,Pave,AllPub,Inside,SawyerW,1.5Fin,1983,Gable,2132,WD,Normal,316600
570,7032,Pave,AllPub,Corner,NAmes,SFoyer,1979,Gable,943,WD,Normal,135960
571,13101,Pave,AllPub,Inside,NAmes,1Story,1965,Gable,1728,WD,Normal,142600
573,13159,Pave,AllPub,Corner,Timber,2Story,2009,Gable,1692,New,Partial,224500
576,8480,Pave,AllPub,Inside,NAmes,1.5Fin,1947,Gable,1216,COD,Abnorml,118500
577,6292,Pave,AllPub,Inside,SWISU,1.5Fin,1928,Gable,1477,WD,Normal,145000
578,11777,Pave,AllPub,Inside,Sawyer,SLvl,1966,Gable,1320,WD,Abnorml,164500
579,3604,Pave,AllPub,Corner,Somerst,2Story,2007,Gable,1392,WD,Abnorml,146000
582,12704,Pave,AllPub,Inside,NridgHt,1Story,2008,Hip,2042,New,Partial,253293
583,11841,Grvl,AllPub,Inside,Edwards,SFoyer,1990,Gable,816,WD,Normal,118500
585,6120,Pave,AllPub,Inside,BrkSide,1.5Fin,1935,Gable,1573,WD,Normal,133000
586,11443,Pave,AllPub,Inside,Timber,1Story,2005,Hip,2028,New,Partial,369900
587,10267,Pave,AllPub,Inside,BrkSide,1Story,1918,Gable,838,WD,Normal,130000
588,8740,Pave,AllPub,Inside,Sawyer,SFoyer,1982,Hip,860,WD,Normal,137000
589,25095,Pave,AllPub,Inside,ClearCr,1Story,1968,Flat,1473,WD,Partial,143000
590,9100,Pave,AllPub,Inside,BrkSide,1Story,1930,Gable,935,WD,Normal,79500
591,8320,Pave,AllPub,Inside,CollgCr,2Story,2004,Gable,1582,WD,Normal,185900
592,13478,Pave,AllPub,Corner,NridgHt,2Story,2008,Gable,2296,ConLI,Normal,451950
593,6600,Pave,AllPub,Inside,Mitchel,1Story,1982,Gable,816,WD,Normal,138000
594,4435,Pave,AllPub,Inside,CollgCr,1Story,2003,Gable,848,WD,Normal,140000
595,7990,Pave,AllPub,Inside,CollgCr,1Story,1975,Hip,924,WD,Normal,110000
596,11302,Pave,AllPub,Inside,StoneBr,1Story,2005,Gable,1826,New,Partial,319000
597,3600,Pave,AllPub,Inside,OldTown,2Story,1910,Gable,1368,WD,Normal,114504
598,3922,Pave,AllPub,Inside,Blmngtn,1Story,2006,Gable,1402,New,Partial,194201
601,10927,Pave,AllPub,Inside,NridgHt,2Story,2005,Gable,1904,WD,Normal,275000
602,9000,Pave,AllPub,Inside,IDOTRR,1.5Fin,1937,Gable,1375,WD,Normal,141000
603,10041,Pave,AllPub,Inside,SawyerW,2Story,1992,Gable,1915,WD,Abnorml,220000
605,12803,Pave,AllPub,Inside,CollgCr,1Story,2002,Gable,1494,WD,Normal,221000
606,13600,Pave,AllPub,Inside,NAmes,2Story,1965,Gable,1986,WD,Normal,205000
608,7800,Pave,AllPub,Inside,Edwards,2Story,1948,Gable,2008,WD,Normal,225000
609,12168,Pave,AllPub,Inside,Crawfor,2Story,1934,Gable,3194,WD,Alloca,359100
610,7943,Pave,AllPub,Inside,Sawyer,1Story,1961,Gable,1029,WD,Normal,118500
611,11050,Pave,AllPub,Inside,CollgCr,2Story,2000,Hip,2153,WD,Normal,313000
612,10395,Pave,AllPub,FR2,NWAmes,SLvl,1978,Gable,1032,WD,Normal,148000
615,1491,Pave,AllPub,Inside,MeadowV,SFoyer,1972,Gable,630,WD,Normal,75500
616,8800,Pave,AllPub,Inside,NAmes,SFoyer,1963,Gable,1054,WD,Abnorml,137500
618,7227,Pave,AllPub,Corner,NAmes,1.5Unf,1954,Gable,832,WD,Normal,105500
619,11694,Pave,AllPub,Inside,NridgHt,1Story,2007,Hip,1828,New,Partial,314813
620,12244,Pave,AllPub,Inside,Timber,2Story,2003,Hip,2262,WD,Normal,305000
621,8248,Pave,AllPub,Inside,Edwards,1Story,1914,Gable,864,WD,Normal,67000
622,10800,Pave,AllPub,Inside,NWAmes,2Story,1974,Gable,2614,WD,Normal,240000
623,7064,Pave,AllPub,Inside,Sawyer,1Story,1977,Gable,980,WD,Normal,135000
626,10000,Pave,AllPub,Corner,NAmes,1Story,1962,Hip,1116,WD,Normal,160000
627,12342,Pave,AllPub,Inside,NAmes,1Story,1960,Hip,1422,WD,Normal,139900
628,9600,Pave,AllPub,Inside,NAmes,SLvl,1955,Gable,1520,WD,Normal,153000
629,11606,Pave,AllPub,Inside,NAmes,2Story,1969,Gable,2080,WD,Family,135000
631,9000,Pave,AllPub,Corner,OldTown,2Story,1880,Gable,1750,WD,Abnorml,124000
632,4590,Pave,AllPub,Inside,NridgHt,1Story,2006,Gable,1554,WD,Normal,209500
633,11900,Pave,AllPub,Inside,NWAmes,1Story,1977,Hip,1411,WD,Family,82500
636,10896,Pave,AllPub,Inside,SWISU,2.5Fin,1914,Hip,3395,WD,Abnorml,200000
638,6000,Pave,AllPub,Inside,OldTown,1.5Fin,1954,Gable,1387,WD,Normal,93000
639,8777,Pave,AllPub,Inside,Edwards,1Story,1910,Gable,796,WD,Normal,85000
640,3982,Pave,AllPub,Inside,Blmngtn,1Story,2006,Hip,1567,New,Partial,264561
641,12677,Pave,AllPub,Inside,NridgHt,1Story,2003,Hip,1518,WD,Normal,274000
644,10793,Pave,AllPub,Inside,NWAmes,2Story,1969,Mansard,1620,WD,Normal,152000
645,9187,Pave,AllPub,Inside,Somerst,1Story,2009,Gable,1766,New,Partial,370878
646,10530,Pave,AllPub,Corner,NAmes,1Story,1971,Hip,981,WD,Normal,143250
647,7200,Pave,AllPub,Inside,NAmes,1Story,1950,Hip,1048,WD,Normal,98300
648,10452,Pave,AllPub,Inside,Edwards,1Story,1953,Hip,1094,WD,Normal,155000
650,1936,Pave,AllPub,Inside,MeadowV,SFoyer,1970,Gable,630,WD,Normal,84500
651,8125,Pave,AllPub,Inside,Somerst,2Story,2007,Gable,1665,WD,Normal,205950
652,9084,Pave,AllPub,Inside,Edwards,2Story,1940,Gable,1510,WD,Normal,108000
653,8750,Pave,AllPub,Inside,CollgCr,2Story,1996,Gable,1716,WD,Normal,191000
654,10320,Pave,AllPub,Inside,IDOTRR,1.5Fin,1906,Gable,1469,WD,Normal,135000
655,10437,Pave,AllPub,Inside,NoRidge,1Story,1995,Hip,2113,WD,Normal,350000
656,1680,Pave,AllPub,Inside,BrDale,2Story,1971,Gable,1092,WD,Family,88000
657,10007,Pave,AllPub,Inside,NAmes,1Story,1959,Gable,1053,WD,Normal,145500
658,7200,Pave,AllPub,Inside,Crawfor,2Story,1931,Gable,1502,WD,Normal,149000
659,17503,Pave,AllPub,Inside,NAmes,1.5Fin,1948,Gable,1458,WD,Abnorml,97500
660,9937,Pave,AllPub,Corner,Edwards,1Story,1964,Hip,1486,WD,Normal,167000
661,12384,Pave,AllPub,CulDSac,NWAmes,2Story,1976,Gable,1935,WD,Normal,197900
663,13560,Pave,AllPub,Corner,NAmes,1Story,1968,Hip,1392,WD,Normal,110000
665,20896,Pave,AllPub,CulDSac,Somerst,1Story,2005,Gable,2097,New,Partial,423000
666,11194,Pave,AllPub,Corner,Gilbert,2Story,2000,Gable,1936,WD,Normal,230500
667,18450,Pave,AllPub,Inside,NAmes,2Story,1965,Flat,2380,WD,Abnorml,129000
668,8125,Pave,AllPub,Inside,SawyerW,1Story,1994,Gable,1679,WD,Normal,193500
670,11600,Pave,AllPub,Inside,Crawfor,1Story,1922,Gable,1180,WD,Normal,137500
672,6629,Pave,AllPub,Inside,Edwards,2Story,1925,Gambrel,1369,WD,Normal,103600
673,11250,Pave,AllPub,Inside,Veenker,1Story,1977,Gable,1208,WD,Normal,165000
675,9200,Pave,AllPub,Inside,NAmes,1Story,1965,Gable,1136,WD,Normal,140000
676,2289,Pave,AllPub,Inside,NPkVill,2Story,1978,Gable,1441,WD,Normal,148500
677,9600,Pave,AllPub,Inside,OldTown,2Story,1900,Gable,1774,WD,Normal,87000
678,9022,Pave,AllPub,Inside,OldTown,1Story,1924,Gable,792,WD,Normal,109500
679,11844,Pave,AllPub,Inside,StoneBr,1Story,2008,Hip,2046,New,Partial,372500
680,9945,Pave,AllPub,Inside,Sawyer,1Story,1961,Hip,988,WD,Normal,128500
682,4500,Pave,AllPub,Inside,SWISU,1.5Fin,1932,Gable,1520,WD,Abnorml,159434
683,2887,Pave,AllPub,Inside,ClearCr,1Story,1996,Gable,1291,WD,Normal,173000
684,11248,Pave,AllPub,Corner,CollgCr,1Story,2002,Hip,1668,WD,Normal,285000
687,10207,Pave,AllPub,Inside,Somerst,2Story,2007,Gable,1761,New,Partial,227875
688,5105,Pave,AllPub,FR2,Somerst,2Story,2004,Gable,1102,WD,Normal,148800
689,8089,Pave,AllPub,Inside,StoneBr,1Story,2007,Gable,1419,New,Partial,392000
690,7577,Pave,AllPub,Corner,NridgHt,1Story,2005,Gable,1362,WD,Normal,194700
692,21535,Pave,AllPub,Corner,NoRidge,2Story,1994,Gable,4316,WD,Normal,755000
693,26178,Pave,AllPub,Inside,Timber,2Story,1989,Hip,2519,WD,Normal,335000
694,5400,Pave,AllPub,Corner,OldTown,1Story,1921,Gable,1073,WD,Abnorml,108480
695,6120,Pave,AllPub,Corner,BrkSide,1.5Fin,1936,Gable,1539,WD,Normal,141500
696,13811,Pave,AllPub,Inside,Timber,1Story,1987,Gable,1137,WD,Normal,176000
697,6000,Pave,AllPub,Inside,BrkSide,1Story,1921,Gable,616,WD,Normal,89000
700,4282,Pave,AllPub,Inside,Somerst,1Story,2004,Gable,1391,WD,Normal,196000
701,14331,Pave,AllPub,Inside,Timber,1Story,2002,Hip,1800,WD,Normal,312500
702,9600,Pave,AllPub,Inside,NWAmes,1Story,1969,Hip,1164,COD,Normal,140000
703,12438,Pave,AllPub,Inside,StoneBr,2Story,2006,Hip,2576,New,Partial,361919
704,7630,Pave,AllPub,Inside,OldTown,2Story,1900,Gable,1812,WD,Normal,140000
705,8400,Pave,AllPub,Inside,CollgCr,1Story,2004,Gable,1484,WD,Normal,213000
706,5600,Pave,AllPub,Inside,IDOTRR,2Story,1930,Hip,1092,WD,Normal,55000
707,115149,Pave,AllPub,CulDSac,ClearCr,1Story,1971,Gable,1824,WD,Normal,302000
709,9018,Pave,AllPub,Inside,Gilbert,2Story,2007,Hip,1456,New,Partial,179540
710,7162,Pave,AllPub,Inside,Sawyer,1Story,1966,Gable,904,WD,Abnorml,109900
712,8712,Pave,AllPub,Inside,IDOTRR,1.5Fin,1900,Gable,1178,WD,Abnorml,102776
714,9873,Pave,AllPub,Inside,BrkSide,1Story,1970,Gable,960,WD,Normal,129000
715,13517,Pave,AllPub,CulDSac,Sawyer,2Story,1976,Gable,1479,WD,Normal,130500
716,10140,Pave,AllPub,Inside,NWAmes,1Story,1974,Hip,1350,WD,Normal,165000
719,10542,Pave,AllPub,Inside,NoRidge,2Story,1993,Hip,2418,WD,Normal,341000
720,9920,Pave,AllPub,Inside,CollgCr,1Story,1969,Gable,971,WD,Normal,128500
721,6563,Pave,AllPub,CulDSac,StoneBr,1Story,1985,Gable,1742,WD,Normal,275000
722,4426,Pave,AllPub,Inside,CollgCr,1Story,2004,Gable,848,WD,Normal,143000
723,8120,Pave,AllPub,Inside,NAmes,1Story,1970,Gable,864,WD,Normal,124500
724,8172,Pave,AllPub,Inside,Edwards,1.5Fin,1954,Gable,1470,WD,Normal,135000
725,13286,Pave,AllPub,Inside,Edwards,1Story,2007,Hip,1698,WD,Normal,320000
726,6960,Pave,AllPub,Inside,NAmes,1Story,1970,Gable,864,WD,Normal,120500
727,21695,Pave,AllPub,Corner,Crawfor,1Story,1988,Hip,1680,WD,Normal,222000
728,7314,Pave,AllPub,Inside,CollgCr,1Story,2007,Gable,1232,WD,Normal,194500
731,5389,Pave,AllPub,Inside,StoneBr,1Story,1995,Gable,1616,WD,Normal,236500
732,9590,Pave,AllPub,Corner,Timber,SLvl,2003,Gable,1146,WD,Normal,187500
733,11404,Pave,AllPub,Inside,CollgCr,2Story,1998,Gable,2031,WD,Normal,222500
734,10000,Pave,AllPub,Corner,Sawyer,1Story,1961,Hip,1144,WD,Normal,131400
735,8978,Pave,AllPub,Corner,Sawyer,1Story,1968,Gable,948,WD,Family,108000
737,8544,Pave,AllPub,Inside,NAmes,1Story,1950,Gable,1040,WD,Normal,93500
740,9313,Pave,AllPub,Inside,CollgCr,2Story,2004,Gable,1728,WD,Normal,190000
741,9600,Pave,AllPub,Inside,OldTown,2Story,1910,Gable,1432,WD,Abnorml,132000
742,6768,Pave,AllPub,Inside,Sawyer,1Story,1961,Hip,912,WD,Normal,142000
743,8450,Pave,AllPub,Inside,SawyerW,1Story,2000,Gable,1349,WD,Normal,179000
744,12886,Pave,AllPub,Inside,Sawyer,SLvl,1963,Gable,1464,WD,Normal,175000
746,8963,Pave,AllPub,Inside,NWAmes,2Story,1976,Hip,2715,WD,Normal,299800
747,8795,Pave,AllPub,Inside,Gilbert,2Story,2000,Gable,2256,WD,Normal,236000
749,10593,Pave,AllPub,Inside,NoRidge,1Story,1996,Hip,1720,WD,Normal,260400
751,8800,Pave,AllPub,Corner,OldTown,1.5Fin,1910,Gable,1140,WD,Normal,96500
752,7750,Pave,AllPub,Inside,Gilbert,2Story,2003,Gable,1320,WD,Normal,162000
754,10240,Pave,AllPub,Inside,NridgHt,2Story,2005,Gable,2098,WD,Normal,275500
755,7930,Pave,AllPub,Inside,NAmes,1Story,1969,Gable,1026,WD,Normal,156000
756,3230,Pave,AllPub,Inside,Somerst,2Story,1999,Gable,1471,WD,Normal,172500
759,2280,Pave,AllPub,Inside,Somerst,2Story,1999,Gable,1501,WD,Normal,179400
760,12257,Pave,AllPub,Inside,NoRidge,2Story,1995,Gable,2531,WD,Normal,290000
762,6911,Pave,AllPub,FR2,BrkSide,1Story,1924,Gable,1301,WD,Normal,100000
763,8640,Pave,AllPub,Inside,Somerst,2Story,2009,Gable,1547,Con,Normal,215200
764,9430,Pave,AllPub,Inside,NoRidge,2Story,1999,Gable,2365,WD,Normal,337000
766,14587,Pave,AllPub,Inside,Somerst,1Story,2008,Gable,1506,New,Partial,264132
768,12508,Pave,AllPub,Inside,Mitchel,1.5Fin,1940,Gable,1750,WD,Normal,160000
769,9100,Pave,AllPub,Inside,CollgCr,1Story,2004,Hip,1836,WD,Normal,216837
770,53504,Pave,AllPub,CulDSac,StoneBr,2Story,2003,Hip,3279,WD,Normal,538000
771,7252,Pave,AllPub,CulDSac,Sawyer,SFoyer,1982,Hip,858,WD,Normal,134900
772,8877,Pave,AllPub,Inside,Edwards,1Story,1951,Gable,1220,COD,Normal,102000
773,7819,Pave,AllPub,Inside,Edwards,SLvl,1976,Gable,1117,WD,Abnorml,107000
774,10150,Pave,AllPub,Inside,NAmes,1Story,1958,Gable,912,COD,Normal,114500
775,14226,Pave,AllPub,Corner,NridgHt,1Story,2006,Hip,1973,New,Partial,395000
776,4500,Pave,AllPub,FR2,Mitchel,1Story,1998,Hip,1204,WD,Normal,162000
777,11210,Pave,AllPub,Inside,CollgCr,1Story,2005,Gable,1614,New,Partial,221500
779,8400,Pave,AllPub,Inside,SawyerW,1Story,1977,Gable,2020,WD,Normal,144000
780,10530,Pave,AllPub,Inside,Mitchel,SFoyer,1977,Gable,1004,WD,Normal,135000
781,7875,Pave,AllPub,Inside,Gilbert,1Story,1995,Gable,1253,WD,Normal,176000
782,7153,Pave,AllPub,Inside,SawyerW,2Story,1992,Gable,1603,WD,Normal,175900
783,16285,Pave,AllPub,Inside,CollgCr,1Story,2001,Gable,1430,WD,Normal,187100
784,9101,Pave,AllPub,Corner,Mitchel,SFoyer,1978,Gable,1110,WD,Normal,165500
785,6300,Pave,AllPub,Inside,OldTown,2.5Unf,1914,Gable,1484,WD,Normal,128000
786,9790,Pave,AllPub,Inside,NWAmes,1Story,1967,Gable,1342,WD,Normal,161500
789,6000,Pave,AllPub,Corner,OldTown,1Story,1954,Gable,901,WD,Normal,107900
790,12205,Pave,AllPub,Inside,ClearCr,2Story,1966,Gable,2087,WD,Normal,187500
792,11333,Pave,AllPub,Corner,Mitchel,SLvl,1976,Gable,1062,WD,Normal,146800
795,10832,Pave,AllPub,Corner,Gilbert,2Story,1994,Gable,1895,WD,Normal,194500
796,8400,Pave,AllPub,Inside,SawyerW,2Story,1980,Gable,1564,WD,Normal,171000
797,8197,Pave,AllPub,Inside,Sawyer,1Story,1977,Gable,1285,WD,Normal,143500
798,7677,Pave,AllPub,Inside,NAmes,1Story,1953,Gable,773,WD,Abnorml,110000
799,13518,Pave,AllPub,Inside,NridgHt,2Story,2008,Hip,3140,New,Partial,485000
800,7200,Pave,AllPub,Corner,SWISU,1.5Fin,1937,Gable,1768,WD,Normal,175000
801,12798,Pave,AllPub,Inside,ClearCr,2Story,1997,Gable,1688,WD,Normal,200000
802,4800,Pave,AllPub,Inside,IDOTRR,1Story,1916,Gable,1196,WD,Normal,109900
803,8199,Pave,AllPub,Inside,CollgCr,2Story,2005,Gable,1456,WD,Normal,189000
804,13891,Pave,AllPub,Inside,NridgHt,2Story,2008,Hip,2822,New,Partial,582933
806,12274,Pave,AllPub,FR2,Somerst,1Story,2008,Gable,1428,New,Partial,227680
807,9750,Pave,AllPub,Inside,NAmes,SLvl,1967,Gable,980,WD,Normal,135500
808,21384,Pave,AllPub,Inside,BrkSide,2Story,1923,Gable,1576,WD,Normal,223500
811,10140,Pave,AllPub,Inside,NWAmes,1Story,1974,Hip,1309,WD,Normal,181000
812,4438,Pave,AllPub,Inside,CollgCr,1Story,2004,Gable,848,ConLD,Normal,144500
814,9750,Pave,AllPub,Inside,NAmes,1Story,1958,Gable,1442,COD,Normal,157900
816,12137,Pave,AllPub,CulDSac,CollgCr,1Story,1998,Gable,1661,WD,Normal,224900
818,13265,Pave,AllPub,CulDSac,Mitchel,1Story,2002,Hip,1689,WD,Normal,271000
820,6371,Pave,AllPub,Inside,NridgHt,1Story,2009,Gable,1358,New,Partial,224000
821,7226,Pave,AllPub,CulDSac,CollgCr,2Story,2003,Gable,1640,WD,Normal,183000
823,12394,Pave,AllPub,Corner,Gilbert,2Story,2003,Gable,1733,WD,Family,225000
825,11216,Pave,AllPub,Inside,Somerst,1Story,2006,Gable,1489,New,Partial,232600
826,14803,Pave,AllPub,Inside,NridgHt,1Story,2007,Hip,2084,New,Partial,385000
827,6130,Pave,AllPub,Inside,BrkSide,1.5Unf,1924,Gable,784,WD,Normal,109500
828,8529,Pave,AllPub,Inside,SawyerW,1Story,2001,Gable,1434,WD,Normal,189000
830,2544,Pave,AllPub,Inside,Somerst,2Story,2005,Gable,1223,WD,Normal,147400
831,11900,Pave,AllPub,Corner,NAmes,1Story,1957,Gable,1392,WD,Normal,166000
832,3180,Pave,AllPub,Inside,Somerst,2Story,2005,Gable,1200,WD,Normal,151000
834,10004,Pave,AllPub,Inside,NAmes,1Story,1964,Gable,1516,WD,Normal,167000
835,7875,Pave,AllPub,Inside,NAmes,1Story,1961,Gable,1144,WD,Normal,139950
836,9600,Pave,AllPub,Inside,Sawyer,1Story,1950,Gable,1067,WD,Normal,128000
839,9525,Pave,AllPub,Inside,CollgCr,1Story,1995,Gable,1099,WD,Normal,144000
840,11767,Pave,AllPub,Inside,Edwards,1.5Fin,1946,Gable,1200,WD,Normal,130500
845,12665,Pave,AllPub,Inside,OldTown,1.5Fin,1915,Gable,1416,WD,Normal,153900
846,16647,Pave,AllPub,CulDSac,Sawyer,SFoyer,1975,Gable,1701,WD,Normal,171000
847,9317,Pave,AllPub,Inside,SawyerW,2Story,1993,Gable,1775,WD,Normal,213000
848,15523,Pave,AllPub,CulDSac,CollgCr,1Story,1972,Gable,864,WD,Normal,133500
851,4435,Pave,AllPub,Inside,CollgCr,1Story,2003,Gable,848,WD,Normal,131500
853,7128,Pave,AllPub,Inside,Crawfor,2.5Unf,1941,Gable,1646,WD,Normal,164000
854,12095,Pave,AllPub,Corner,NAmes,SLvl,1964,Gable,1445,WD,Normal,158000
855,17920,Pave,AllPub,Inside,Sawyer,1Story,1955,Hip,1779,WD,Abnorml,170000
856,6897,Pave,AllPub,Corner,Sawyer,1Story,1962,Gable,1040,WD,Normal,127000
857,10970,Pave,AllPub,Inside,CollgCr,SLvl,1978,Gable,1026,WD,Normal,147000
859,10400,Pave,AllPub,Inside,NWAmes,1Story,1976,Gable,1370,WD,Family,152000
862,11625,Pave,AllPub,Inside,Sawyer,1Story,1965,Hip,1039,WD,Normal,131500
863,9672,Pave,AllPub,Corner,SawyerW,1Story,1984,Hip,1097,WD,Normal,152000
864,7931,Pave,AllPub,Inside,NAmes,1Story,1959,Hip,1148,WD,Normal,132500
865,8640,Pave,AllPub,Inside,Somerst,1Story,2007,Gable,1372,New,Partial,250580
866,8750,Pave,AllPub,Inside,NAmes,1Story,1970,Gable,1002,WD,Normal,148500
869,14762,Pave,AllPub,Corner,Gilbert,2Story,1948,Gable,2320,WD,Normal,169000
870,9938,Pave,AllPub,Inside,SawyerW,2Story,1993,Gable,1949,WD,Normal,236000
871,6600,Pave,AllPub,Inside,NAmes,1Story,1962,Hip,894,WD,Normal,109500
872,8750,Pave,AllPub,Inside,CollgCr,2Story,1998,Gable,1682,WD,Normal,200500
874,12144,Pave,AllPub,Inside,NAmes,1Story,1949,Gable,1268,WD,Normal,133000
875,5720,Pave,AllPub,Inside,OldTown,1.5Fin,1941,Gable,1131,WD,Abnorml,66500
876,9000,Pave,AllPub,Inside,Somerst,2Story,2007,Gable,2610,New,Partial,303477
877,25286,Pave,AllPub,Inside,Mitchel,1Story,1963,Gable,1040,WD,Normal,132250
879,11782,Pave,AllPub,Inside,Sawyer,SFoyer,1961,Gable,1155,WD,Normal,148000
880,7000,Pave,AllPub,CulDSac,CollgCr,1Story,1978,Gable,864,WD,Normal,136500
882,13758,Pave,AllPub,CulDSac,Timber,1.5Fin,1990,Gable,1717,WD,Normal,187500
883,9636,Pave,AllPub,Corner,Gilbert,2Story,1992,Gable,1593,WD,Normal,178000
884,6204,Pave,AllPub,Inside,SWISU,2.5Fin,1912,Gable,2230,WD,Normal,118500
885,7150,Pave,AllPub,Inside,NAmes,1Story,1967,Gable,892,WD,Normal,100000
886,5119,Pave,AllPub,CulDSac,Somerst,1Story,1999,Gable,1709,CWD,Abnorml,328900
887,8393,Pave,AllPub,Corner,NAmes,1Story,1959,Gable,1712,WD,Family,145000
888,16466,Pave,AllPub,Inside,Edwards,1.5Fin,1955,Gable,1393,WD,Normal,135500
889,15865,Pave,AllPub,Inside,NAmes,1Story,1970,Flat,2217,WD,Normal,268000
890,12160,Pave,AllPub,Inside,NAmes,1Story,1953,Hip,1505,WD,Normal,149500
891,8064,Pave,AllPub,Corner,NAmes,1.5Fin,1949,Gable,924,WD,Normal,122900
893,8414,Pave,AllPub,Inside,Sawyer,1Story,1963,Hip,1068,WD,Normal,154500
894,13284,Pave,AllPub,Inside,Sawyer,1Story,1954,Gable,1383,WD,Normal,165000
895,7018,Pave,AllPub,Inside,SawyerW,1Story,1979,Gable,1535,WD,Alloca,118858
898,7018,Pave,AllPub,Inside,SawyerW,2Story,1979,Gable,2240,WD,Alloca,142953
899,12919,Pave,AllPub,Inside,NridgHt,1Story,2009,Hip,2364,New,Partial,611657
900,6993,Pave,AllPub,Inside,Sawyer,1Story,1961,Gable,1236,WD,Normal,135000
901,7340,Pave,AllPub,Inside,NAmes,1Story,1971,Gable,858,WD,Normal,110000
903,7875,Pave,AllPub,Inside,Gilbert,2Story,2003,Gable,1509,WD,Normal,180000
904,14859,Pave,AllPub,CulDSac,Gilbert,1Story,2006,Hip,1670,New,Partial,240000
905,6173,Pave,AllPub,Inside,Sawyer,1Story,1967,Gable,902,WD,Normal,125500
906,9920,Pave,AllPub,Inside,NAmes,1Story,1954,Gable,1063,WD,Normal,128000
907,13501,Pave,AllPub,Corner,Somerst,1Story,2006,Gable,1636,WD,Normal,255000
908,11500,Pave,AllPub,Inside,Crawfor,1.5Fin,1936,Gable,2057,WD,Normal,250000
909,8885,Pave,AllPub,Inside,Mitchel,1Story,1983,Gable,902,WD,Normal,131000
910,12589,Pave,AllPub,Inside,Gilbert,2Story,2005,Gable,1484,WD,Normal,174000
911,11600,Pave,AllPub,Corner,NAmes,2Story,1960,Gable,2274,WD,Normal,154300
912,9286,Pave,AllPub,CulDSac,CollgCr,1Story,1977,Gable,1268,WD,Normal,143500
913,6120,Pave,AllPub,Inside,BrkSide,1Story,1925,Gable,1015,WD,Abnorml,88000
914,6270,Pave,AllPub,Inside,Crawfor,2Story,1949,Gable,2002,WD,Normal,145000
917,9000,Pave,AllPub,Inside,IDOTRR,1Story,1949,Gable,480,WD,Abnorml,35311
919,13125,Pave,AllPub,Corner,SawyerW,2Story,1991,Gable,2127,WD,Normal,238000
920,11029,Pave,AllPub,Corner,NAmes,1Story,1958,Hip,1414,WD,Normal,176500
922,8777,Pave,AllPub,Inside,Edwards,1.5Fin,1900,Gable,2200,WD,Normal,145900
923,10237,Pave,AllPub,Inside,Gilbert,1Story,2005,Gable,1316,New,Partial,169990
924,8012,Pave,AllPub,Inside,SawyerW,1Story,1993,Gable,1617,WD,Normal,193000
926,15611,Pave,AllPub,Corner,NWAmes,1Story,1977,Gable,1126,WD,Abnorml,175000
928,9900,Pave,AllPub,Inside,NWAmes,2Story,1968,Gable,1978,WD,Normal,176000
930,13006,Pave,AllPub,Corner,Gilbert,2Story,1997,Gable,2236,WD,Normal,222000
931,8925,Pave,AllPub,Inside,Timber,1Story,2007,Gable,1466,WD,Normal,201000
932,9100,Pave,AllPub,Inside,NAmes,1Story,1965,Gable,925,WD,Normal,117500
933,11670,Pave,AllPub,Corner,Somerst,1Story,2006,Hip,1905,WD,Normal,320000
935,27650,Pave,AllPub,Inside,NAmes,1Story,1960,Flat,2069,WD,Normal,242000
936,5825,Pave,AllPub,Inside,BrkSide,1Story,1926,Gable,747,WD,Normal,79900
937,10083,Pave,AllPub,Inside,SawyerW,1Story,2003,Gable,1200,WD,Normal,184900
939,8760,Pave,AllPub,Inside,CollgCr,2Story,2006,Gable,1962,New,Partial,239799
941,12640,Pave,AllPub,Inside,Mitchel,1Story,1976,Gable,1728,WD,Normal,150900
943,7711,Pave,AllPub,Inside,Edwards,1Story,1977,Gable,1440,Oth,Abnorml,150000
945,14375,Pave,NoSeWa,CulDSac,Timber,SLvl,1958,Gable,1344,COD,Abnorml,137500
947,8163,Pave,AllPub,Inside,NAmes,SLvl,1959,Gable,1144,WD,Normal,143000
949,14006,Pave,AllPub,Inside,CollgCr,2Story,2002,Gable,1776,WD,Normal,192500
950,9360,Pave,AllPub,Inside,NWAmes,1Story,1972,Hip,1381,WD,Normal,197500
955,9400,Pave,AllPub,CulDSac,Edwards,SFoyer,1975,Flat,980,WD,AdjLand,127500
957,1300,Pave,AllPub,Inside,Blueste,2Story,1980,Gable,1229,WD,Normal,124000
958,7420,Pave,AllPub,Inside,Sawyer,1Story,1962,Hip,1057,WD,Normal,132000
960,2572,Pave,AllPub,FR2,Somerst,2Story,1999,Hip,1416,WD,Normal,155000
961,7207,Pave,AllPub,Inside,BrkSide,1Story,1958,Gable,858,WD,Normal,116500
963,2308,Pave,AllPub,Corner,NPkVill,2Story,1976,Gable,1548,WD,Normal,155000
964,11923,Pave,AllPub,Corner,CollgCr,1Story,2007,Gable,1800,WD,Normal,239000
967,9600,Pave,AllPub,Inside,Crawfor,1.5Fin,1940,Gable,1308,WD,Normal,160000
969,5925,Pave,AllPub,Inside,OldTown,1.5Fin,1910,Gable,968,WD,Abnorml,37900
971,10800,Pave,AllPub,Inside,NAmes,1.5Fin,1949,Gable,1192,WD,Abnorml,135000
972,2268,Pave,AllPub,Inside,NridgHt,2Story,2003,Gable,1626,WD,Normal,173000
973,7892,Pave,AllPub,Inside,SawyerW,1Story,1979,Gable,918,WD,Normal,99500
974,11639,Pave,AllPub,Corner,Somerst,1Story,2007,Gable,1428,New,Partial,182000
975,11414,Pave,AllPub,Corner,BrkSide,2Story,1910,Gable,2019,WD,Normal,167500
977,5900,Pave,AllPub,Inside,BrkSide,1Story,1923,Gable,869,WD,Normal,85500
979,9450,Pave,AllPub,Inside,Edwards,1Story,1954,Gable,894,WD,Abnorml,110000
982,12203,Pave,AllPub,Corner,NoRidge,2Story,1998,Hip,2612,WD,Normal,336000
983,3182,Pave,AllPub,Inside,Blmngtn,1Story,2007,Gable,1266,WD,Normal,159895
984,11250,Pave,AllPub,Corner,CollgCr,2Story,2002,Gable,2290,WD,Normal,255900
985,10125,Pave,AllPub,Inside,Mitchel,1.5Fin,1977,Gable,1734,COD,Normal,126000
986,10880,Pave,AllPub,Inside,Edwards,1Story,1950,Gable,1164,ConLD,Normal,125000
990,8125,Pave,AllPub,Inside,Somerst,2Story,2006,Gable,1576,New,Partial,197000
991,9452,Pave,AllPub,Inside,NoRidge,2Story,1997,Gable,2392,WD,Normal,348000
992,17671,Pave,AllPub,Corner,OldTown,2Story,1882,Gable,1742,WD,Normal,168000
993,9760,Pave,AllPub,Inside,NAmes,2Story,1964,Hip,1851,WD,Normal,187000
1003,11957,Pave,AllPub,Inside,Somerst,1Story,2006,Gable,1574,WD,Normal,232000
1004,11500,Pave,AllPub,Corner,NWAmes,1Story,1976,Gable,1680,WD,Normal,136905
1005,3182,Pave,AllPub,Inside,Blmngtn,1Story,2005,Gable,1504,WD,Normal,181000
1006,8385,Pave,AllPub,Inside,CollgCr,SLvl,1977,Gable,985,WD,Normal,149900
1007,12155,Pave,AllPub,Inside,NAmes,1Story,1970,Gable,1657,WD,Normal,163500
1009,12118,Pave,AllPub,CulDSac,Mitchel,1Story,2004,Hip,1710,WD,Normal,240000
1010,6000,Pave,AllPub,Inside,SWISU,1.5Fin,1926,Gable,1522,WD,Normal,102000
1012,9825,Pave,AllPub,Inside,Edwards,1Story,1965,Hip,1664,WD,Normal,100000
1013,10592,Pave,AllPub,Inside,Crawfor,2Story,1923,Hip,1502,WD,Normal,165000
1014,7200,Pave,AllPub,Inside,OldTown,1Story,1910,Hip,1022,WD,Normal,85000
1015,11664,Pave,AllPub,Inside,NAmes,1Story,1948,Gable,1082,WD,Normal,119200
1016,8400,Pave,AllPub,Inside,NWAmes,2Story,2001,Gable,1665,WD,Normal,227000
1017,11883,Pave,AllPub,Inside,CollgCr,1Story,1996,Hip,1504,WD,Normal,203000
1018,5814,Pave,AllPub,CulDSac,StoneBr,1Story,1984,Gable,1360,COD,Abnorml,187500
1019,10784,Pave,AllPub,FR2,Gilbert,SLvl,1991,Gable,1472,WD,Normal,160000
1021,7024,Pave,AllPub,Inside,Edwards,1Story,2005,Gable,1132,WD,Normal,176000
1023,9439,Pave,AllPub,Inside,OldTown,1.5Fin,1930,Gable,1248,WD,Normal,87000
1025,15498,Pave,AllPub,Corner,Timber,1Story,1976,Hip,2898,COD,Abnorml,287000
1027,9300,Pave,AllPub,Inside,NAmes,1Story,1960,Gable,1264,WD,Normal,167500
1028,9520,Pave,AllPub,Inside,Timber,1Story,2007,Gable,1646,New,Partial,293077
1029,9492,Pave,AllPub,Inside,NAmes,1.5Fin,1941,Gable,1376,WD,Normal,105000
1030,1680,Pave,AllPub,Inside,BrDale,2Story,1972,Gable,1218,WD,Normal,118000
1031,7082,Pave,AllPub,Inside,SWISU,2Story,1916,Gable,1928,WD,Normal,160000
1032,15863,Pave,AllPub,Corner,SWISU,2.5Fin,1920,Gable,3082,WD,Normal,197000
1033,14541,Pave,AllPub,Corner,NoRidge,2Story,1993,Gable,2520,WD,Abnorml,310000
1034,8125,Pave,AllPub,Inside,CollgCr,1Story,2002,Gable,1654,WD,Normal,230000
1035,6305,Pave,AllPub,Inside,Crawfor,1Story,1938,Gable,954,WD,Normal,119750
1036,11500,Pave,AllPub,CulDSac,Edwards,1Story,1957,Gable,845,WD,Normal,84000
1037,12898,Pave,AllPub,Inside,Timber,1Story,2007,Hip,1620,WD,Normal,315500
1038,9240,Pave,AllPub,Inside,CollgCr,2Story,2001,Gable,2263,WD,Normal,287000
1039,1533,Pave,AllPub,Inside,MeadowV,2Story,1970,Gable,1344,WD,Normal,97000
1040,1477,Pave,AllPub,Inside,MeadowV,SFoyer,1970,Gable,630,WD,Normal,80000
1041,13125,Pave,AllPub,Corner,Sawyer,1Story,1957,Gable,1803,WD,Normal,155000
1042,9130,Pave,AllPub,Inside,NWAmes,2Story,1966,Hip,1632,WD,Normal,173000
1043,5381,Pave,AllPub,Inside,NridgHt,1Story,2005,Gable,1306,WD,Normal,196000
1045,9600,Pave,AllPub,Inside,NWAmes,1Story,1981,Hip,2524,WD,Normal,278000
1047,16056,Pave,AllPub,Inside,StoneBr,2Story,2005,Hip,2868,New,Partial,556581
1049,21750,Pave,AllPub,Inside,Mitchel,1Story,1960,Hip,1771,WD,Normal,115000
1050,11100,Pave,AllPub,Inside,Edwards,1Story,1946,Gable,930,WD,Abnorml,84900
1052,11175,Pave,AllPub,Corner,CollgCr,1Story,2007,Gable,1316,New,Partial,200141
1053,9500,Pave,AllPub,Corner,NAmes,2Story,1964,Gable,1977,WD,Normal,165000
1054,8562,Pave,AllPub,Inside,Edwards,1Story,1957,Hip,1526,WD,Normal,144500
1055,11367,Pave,AllPub,Corner,CollgCr,2Story,2002,Gable,1989,WD,Normal,255000
1056,11361,Pave,AllPub,Inside,NWAmes,1Story,1976,Gable,1523,COD,Abnorml,180000
1057,7052,Pave,AllPub,Inside,NridgHt,1Story,2005,Gable,1364,WD,Normal,185850
1058,29959,Pave,AllPub,FR2,NoRidge,2Story,1994,Gable,1850,WD,Normal,248000
1059,11308,Pave,AllPub,Inside,NridgHt,2Story,2008,Gable,2184,WD,Normal,335000
1061,4920,Pave,AllPub,Inside,StoneBr,1Story,2001,Gable,1338,WD,Normal,213500
1062,18000,Grvl,AllPub,Inside,IDOTRR,1Story,1935,Gable,894,ConLD,Normal,81000
1063,13600,Pave,AllPub,Inside,OldTown,2Story,1900,Gable,2337,WD,Normal,90000
1065,11000,Pave,AllPub,CulDSac,NAmes,1Story,1966,Gable,1154,WD,Normal,154000
1066,14000,Pave,AllPub,Inside,ClearCr,2Story,1996,Gable,2260,WD,Normal,328000
1067,7837,Pave,AllPub,Inside,Gilbert,2Story,1993,Gable,1571,WD,Normal,178000
1068,9760,Pave,AllPub,Inside,NAmes,2Story,1964,Gable,1611,WD,Normal,167900
1069,3964,Pave,AllPub,Inside,MeadowV,2Story,1973,Gable,2521,WD,Normal,151400
1070,9600,Pave,AllPub,Inside,NAmes,1.5Unf,1949,Gable,893,WD,Normal,135000
1071,10152,Pave,AllPub,Inside,NAmes,1Story,1956,Hip,1048,WD,Normal,135000
1072,11700,Pave,AllPub,Inside,NWAmes,2Story,1968,Gable,1556,WD,Normal,154000
1073,7585,Pave,AllPub,Inside,Edwards,1.5Fin,1948,Gable,1456,WD,Normal,91500
1074,7950,Pave,AllPub,Corner,Edwards,2Story,1977,Hip,1426,WD,Normal,159500
1075,8556,Pave,AllPub,Inside,CollgCr,1Story,2006,Gable,1240,WD,Normal,194000
1078,15870,Pave,AllPub,Corner,NAmes,1Story,1969,Gable,1096,WD,Abnorml,138800
1079,4435,Pave,AllPub,Inside,CollgCr,1Story,2004,Gable,848,WD,Normal,155900
1082,7500,Pave,AllPub,Corner,Sawyer,1Story,1963,Gable,1040,WD,Normal,133000
1083,8749,Pave,AllPub,Inside,CollgCr,1Story,2002,Gable,1459,WD,Normal,192000
1084,8800,Pave,AllPub,Inside,NAmes,1Story,1964,Hip,1251,WD,Normal,160000
1087,1974,Pave,AllPub,Inside,MeadowV,2Story,1973,Gable,1092,WD,Normal,83500
1089,2522,Pave,AllPub,Inside,Edwards,2Story,2004,Gable,1709,WD,Normal,137500
1091,8544,Pave,AllPub,Corner,NAmes,1Story,1950,Gable,1040,WD,Normal,92900
1092,2160,Pave,AllPub,Inside,Somerst,2Story,1999,Gable,1252,WD,Normal,160000
1097,6882,Pave,AllPub,Inside,IDOTRR,2Story,1914,Gable,1355,WD,Normal,127000
1098,3696,Pave,AllPub,Inside,StoneBr,1Story,1986,Gable,1088,WD,Normal,170000
1099,6000,Pave,AllPub,Inside,BrkSide,1.5Fin,1936,Gable,1324,WD,Normal,128000
1100,11880,Pave,AllPub,Inside,NWAmes,1Story,1978,Gable,1601,COD,Abnorml,157000
1102,9758,Pave,AllPub,Inside,NAmes,1Story,1971,Gable,950,WD,Normal,119500
1103,7000,Pave,AllPub,Inside,NAmes,1Story,1960,Gable,1134,WD,Family,135000
1104,8910,Pave,AllPub,Corner,NAmes,1Story,1959,Hip,1194,WD,Normal,159500
1106,12256,Pave,AllPub,Corner,NoRidge,2Story,1994,Gable,2622,WD,Normal,325000
1107,10357,Pave,AllPub,Corner,SawyerW,1Story,1990,Hip,1442,WD,Normal,179900
1109,8063,Pave,AllPub,Inside,Gilbert,2Story,2000,Gable,1690,WD,Abnorml,181000
1110,11362,Pave,AllPub,Inside,NridgHt,1Story,2004,Gable,1836,WD,Normal,280000
1111,8000,Pave,AllPub,Inside,Gilbert,2Story,1995,Gable,1658,WD,Normal,188000
1112,10480,Pave,AllPub,Inside,NWAmes,2Story,1976,Hip,1964,WD,Normal,205000
1113,7100,Pave,AllPub,Corner,NAmes,1Story,1957,Gable,816,WD,Normal,129900
1115,5400,Pave,AllPub,Inside,OldTown,1Story,1954,Gable,833,WD,Normal,117000
1116,12085,Pave,AllPub,Inside,NridgHt,1Story,2007,Hip,1734,New,Partial,318000
1117,7750,Pave,AllPub,Inside,Gilbert,SLvl,2002,Hip,1419,WD,Normal,184100
1118,9764,Pave,AllPub,FR2,Sawyer,1Story,1967,Gable,894,WD,Normal,130000
1119,13825,Pave,AllPub,Inside,Sawyer,SLvl,1958,Gable,1601,WD,Normal,140000
1121,8263,Pave,AllPub,Inside,IDOTRR,1Story,1920,Gable,1012,WD,Normal,118400
1122,10084,Pave,AllPub,Inside,CollgCr,1Story,2005,Gable,1552,New,Partial,212900
1123,8926,Pave,AllPub,Corner,Edwards,1Story,1956,Gable,960,COD,Abnorml,112000
1124,9405,Pave,AllPub,Inside,Edwards,1Story,1947,Hip,698,WD,Normal,118000
1125,9125,Pave,AllPub,Inside,Gilbert,SLvl,1992,Gable,1482,WD,Normal,163900
1129,11796,Pave,AllPub,Inside,Gilbert,2Story,2004,Gable,1959,WD,Normal,215000
1130,7200,Pave,AllPub,Inside,OldTown,SFoyer,1980,Gable,936,WD,Normal,140000
1131,7804,Pave,AllPub,Inside,SWISU,1.5Fin,1928,Gable,1981,WD,Normal,135000
1133,9900,Pave,AllPub,Inside,OldTown,2Story,1880,Gable,2210,WD,Normal,117500
1134,9828,Pave,AllPub,Inside,SawyerW,2Story,1995,Gable,2020,WD,Normal,239500
1138,6342,Pave,AllPub,Inside,Sawyer,1.5Fin,1875,Gable,1020,WD,Normal,94000
1140,8731,Pave,AllPub,Inside,BrkSide,1Story,1920,Gable,1167,WD,Normal,144000
1141,7350,Pave,AllPub,Corner,NAmes,1Story,1951,Gable,952,COD,Abnorml,139000
1142,10304,Pave,AllPub,CulDSac,NWAmes,2Story,1976,Gable,1868,WD,Normal,197500
1143,9965,Pave,AllPub,Inside,CollgCr,2Story,2006,Hip,2828,New,Partial,424870
1144,9000,Pave,AllPub,Inside,Sawyer,1Story,1959,Gable,1006,WD,Normal,80000
1145,12180,Pave,AllPub,Inside,Edwards,1.5Fin,1941,Gable,924,WD,Normal,80000
1146,6240,Pave,AllPub,Inside,BrkSide,1.5Fin,1928,Gable,1576,WD,Family,149000
1147,11200,Pave,AllPub,Inside,SawyerW,1Story,1985,Gable,1298,WD,Normal,180000
1148,12000,Pave,AllPub,Inside,Crawfor,2Story,1941,Gable,1564,WD,Normal,174500
1150,9000,Pave,AllPub,Inside,OldTown,2Story,1920,Hip,1482,WD,Normal,143000
1151,8280,Pave,AllPub,Inside,NAmes,1Story,1950,Gable,932,WD,Normal,124000
1152,17755,Pave,AllPub,Inside,Edwards,1Story,1959,Gable,1466,WD,Normal,149900
1154,5890,Pave,AllPub,Corner,IDOTRR,1Story,1930,Gable,816,WD,Normal,120500
1155,13700,Pave,AllPub,Inside,NAmes,2Story,1965,Gable,1820,WD,Normal,201800
1156,10768,Pave,AllPub,Corner,Veenker,1Story,1976,Gable,1437,WD,Normal,218000
1157,9350,Pave,AllPub,Inside,NAmes,SLvl,1965,Gable,1265,WD,Normal,179900
1158,5001,Pave,AllPub,Inside,NridgHt,1Story,2007,Gable,1314,WD,Normal,230000
1159,11932,Pave,AllPub,FR2,Somerst,1Story,2007,Gable,1580,ConLD,Partial,235128
1160,9120,Pave,AllPub,Inside,NWAmes,2Story,1974,Hip,1876,WD,Normal,185000
1162,14778,Pave,AllPub,CulDSac,Crawfor,1Story,1954,Hip,1640,WD,Normal,224000
1163,8724,Pave,AllPub,Inside,Sawyer,1Story,1968,Gable,894,WD,Normal,129000
1165,16157,Pave,AllPub,FR2,Veenker,SLvl,1978,Gable,1432,WD,Normal,194000
1166,9541,Pave,AllPub,Inside,NridgHt,1Story,2009,Gable,1502,New,Partial,233170
1168,10852,Pave,AllPub,Inside,Gilbert,2Story,2000,Gable,1671,WD,Normal,173000
1169,13728,Pave,AllPub,Corner,Edwards,2Story,1935,Hip,2108,WD,Normal,235000
1170,35760,Pave,AllPub,CulDSac,NoRidge,2Story,1995,Hip,3627,WD,Normal,625000
1171,9880,Pave,AllPub,Inside,Mitchel,SLvl,1977,Gable,1118,WD,Normal,171000
1172,9120,Pave,AllPub,Inside,NAmes,1Story,1958,Hip,1261,WD,Normal,163000
1173,4017,Pave,AllPub,Inside,Somerst,2Story,2006,Gable,1250,WD,Normal,171900
1174,18030,Pave,AllPub,Inside,ClearCr,1.5Fin,1946,Gable,3086,WD,Normal,200500
1177,6951,Pave,AllPub,CulDSac,Mitchel,1Story,1984,Gable,923,WD,Normal,119500
1179,7681,Pave,AllPub,FR2,Crawfor,1.5Fin,1921,Gable,1343,WD,Normal,154900
1181,11170,Pave,AllPub,Corner,Timber,2Story,1990,Gable,2514,WD,Normal,250000
1182,5587,Pave,AllPub,Inside,Crawfor,1Story,2008,Hip,1652,New,Partial,392500
1183,15623,Pave,AllPub,Corner,NoRidge,2Story,1996,Hip,4476,WD,Abnorml,745000
1184,10800,Pave,AllPub,Inside,OldTown,1Story,1920,Hip,1130,WD,Normal,120000
1185,35133,Grvl,AllPub,Inside,Timber,1Story,1963,Hip,1572,WD,Normal,186700
1186,9738,Pave,AllPub,Inside,Edwards,1.5Fin,1924,Gable,1221,WD,Normal,104900
1187,10615,Pave,AllPub,Corner,OldTown,2Story,1900,Gable,1699,WD,Abnorml,95000
1188,12461,Pave,AllPub,Corner,NoRidge,1Story,1994,Gable,1624,WD,Normal,262000
1189,8935,Pave,AllPub,Inside,CollgCr,2Story,2002,Gable,1660,WD,Normal,195000
1190,7500,Pave,AllPub,Inside,Gilbert,2Story,1999,Gable,1804,WD,Normal,189000
1191,32463,Pave,AllPub,Inside,Mitchel,1Story,1961,Gable,1622,WD,Normal,168000
1192,2645,Pave,AllPub,Inside,Somerst,2Story,1999,Gable,1441,WD,Normal,174000
1193,9600,Pave,AllPub,Inside,OldTown,1.5Fin,1925,Gambrel,1472,WD,Normal,125000
1194,4500,Pave,AllPub,FR2,Mitchel,1Story,1999,Hip,1224,WD,Normal,165000
1195,9364,Pave,AllPub,Corner,Sawyer,2Story,1969,Gable,1352,WD,Normal,158000
1196,8029,Pave,AllPub,Inside,Gilbert,2Story,2005,Gable,1456,WD,Normal,176000
1198,8850,Pave,AllPub,Corner,OldTown,2.5Unf,1916,Gable,1690,ConLw,Normal,144000
1199,9100,Pave,AllPub,Inside,CollgCr,1Story,2001,Gable,1212,WD,Normal,178000
1200,11235,Pave,AllPub,Inside,Sawyer,1Story,1963,Gable,1382,WD,Normal,148000
1201,9353,Pave,AllPub,Inside,NAmes,1Story,1970,Gable,864,Oth,Abnorml,116050
1203,6000,Pave,AllPub,Corner,BrkSide,1.5Fin,1925,Gable,1348,WD,Normal,117000
1204,9750,Pave,AllPub,Inside,CollgCr,1Story,2000,Gable,1630,WD,Normal,213000
1205,10140,Pave,AllPub,Inside,NWAmes,1Story,1975,Gable,1074,WD,Normal,153500
1206,14684,Pave,AllPub,CulDSac,SawyerW,1Story,1990,Hip,2196,WD,Normal,271900
1207,8900,Pave,AllPub,Inside,SawyerW,1Story,1966,Gable,1056,WD,Normal,107000
1208,9135,Pave,AllPub,Inside,CollgCr,1Story,2003,Gable,1700,WD,Normal,200000
1209,7763,Pave,AllPub,Inside,NAmes,1Story,1962,Gable,1283,WD,Normal,140000
1211,11218,Pave,AllPub,Inside,SawyerW,2Story,1992,Gable,1845,WD,Normal,189000
1216,7094,Pave,AllPub,Inside,Sawyer,1Story,1966,Gable,894,WD,Normal,125000
1217,8930,Pave,AllPub,Inside,Sawyer,1.5Fin,1978,Gable,1902,WD,Normal,112000
1220,1680,Pave,AllPub,Inside,BrDale,2Story,1971,Gable,1218,WD,Abnorml,91500
1224,10680,Pave,AllPub,Inside,NAmes,1Story,1951,Hip,2136,WD,Normal,137900
1225,15384,Pave,AllPub,Inside,Gilbert,2Story,2004,Gable,1490,WD,Normal,184000
1226,10482,Pave,AllPub,Inside,NAmes,SLvl,1958,Hip,1138,WD,Normal,145000
1227,14598,Pave,AllPub,CulDSac,Somerst,2Story,2007,Gable,1933,WD,Normal,214000
1228,8872,Pave,AllPub,Corner,NAmes,1Story,1965,Gable,912,WD,Normal,147000
1229,8769,Pave,AllPub,Corner,NridgHt,1Story,2008,Hip,1702,New,Partial,367294
1230,7910,Pave,AllPub,Inside,NAmes,SLvl,1960,Hip,1507,WD,Normal,127000
1231,18890,Pave,AllPub,Inside,Sawyer,1.5Fin,1977,Shed,2620,WD,Normal,190000
1233,9842,Pave,AllPub,FR2,NAmes,1Story,1962,Gable,1224,WD,Normal,101800
1234,12160,Pave,AllPub,Inside,NAmes,1Story,1959,Hip,1188,COD,Abnorml,142000
1235,8525,Pave,AllPub,Inside,SWISU,2Story,1911,Gable,1964,WD,Abnorml,130000
1236,13132,Pave,AllPub,Inside,Crawfor,2Story,1914,Gable,1784,WD,Normal,138887
1237,2628,Pave,AllPub,Inside,NridgHt,2Story,2003,Gable,1626,WD,Normal,175500
1240,9037,Pave,AllPub,Inside,Timber,1Story,2006,Hip,1484,WD,Normal,265900
1242,9849,Pave,AllPub,Inside,Somerst,1Story,2007,Hip,1689,New,Partial,248328
1246,12090,Pave,AllPub,Inside,NWAmes,SLvl,1984,Hip,1868,WD,Abnorml,178000
1247,8125,Pave,AllPub,Inside,Somerst,2Story,2005,Gable,1553,New,Partial,186500
1248,12328,Pave,AllPub,Inside,Mitchel,SLvl,1976,Gable,1034,WD,Normal,169900
1249,9600,Pave,AllPub,Inside,OldTown,2.5Unf,1917,Gable,2058,WD,Normal,129500
1250,7200,Pave,AllPub,Inside,NAmes,1Story,1950,Gable,988,WD,Normal,119000
1251,11160,Pave,AllPub,Corner,NAmes,1Story,1968,Hip,2110,WD,Normal,244000
1252,3136,Pave,AllPub,Corner,NridgHt,1Story,2003,Gable,1405,WD,Normal,171750
1253,9858,Pave,AllPub,Inside,Mitchel,1Story,1968,Gable,874,WD,Normal,130000
1254,17542,Pave,AllPub,Inside,Veenker,2Story,1974,Gable,2167,WD,Normal,294000
1255,6931,Pave,AllPub,Inside,Edwards,2Story,2003,Gable,1656,WD,Normal,165400
1256,6240,Pave,AllPub,Inside,BrkSide,1.5Fin,1931,Gable,1367,WD,Normal,127500
1257,14303,Pave,AllPub,Corner,NoRidge,1Story,1994,Hip,1987,WD,Normal,301500
1258,4060,Pave,AllPub,Corner,Edwards,1Story,1922,Gable,864,WD,Normal,99900
1259,9587,Pave,AllPub,Inside,Gilbert,SLvl,2005,Gable,1166,WD,Normal,190000
1260,9750,Pave,AllPub,FR2,NAmes,1Story,1969,Gable,1054,WD,Normal,151000
1261,24682,Pave,AllPub,CulDSac,Gilbert,2Story,1999,Gable,1675,WD,Normal,181000
1262,9600,Pave,AllPub,Inside,NAmes,1Story,1956,Hip,1050,WD,Normal,128900
1263,11250,Pave,AllPub,Inside,ClearCr,1.5Fin,1957,Gable,1788,WD,Normal,161500
1264,13515,Pave,AllPub,Inside,BrkSide,2Story,1919,Gambrel,1824,WD,Normal,180500
1265,4060,Pave,AllPub,Inside,NAmes,1Story,1998,Gable,1337,COD,Abnorml,181000
1267,10120,Pave,AllPub,Inside,OldTown,2.5Unf,1910,Hip,1889,WD,Normal,122000
1268,13214,Pave,AllPub,Inside,Timber,1Story,2008,Hip,2018,WD,Normal,378500
1269,14100,Pave,AllPub,Inside,Crawfor,1.5Fin,1935,Gable,3447,WD,Normal,381000
1270,11344,Pave,AllPub,Inside,NAmes,1.5Fin,1958,Gable,1524,WD,Normal,144000
1271,23595,Pave,AllPub,Inside,ClearCr,1Story,1979,Shed,1524,WD,Normal,260000
1272,9156,Pave,AllPub,Inside,NWAmes,1Story,1968,Hip,1489,WD,Normal,185750
1274,11512,Pave,AllPub,Corner,Edwards,SLvl,1959,Gable,1357,WD,Normal,177000
1275,5362,Pave,AllPub,Corner,Crawfor,1.5Fin,1910,Gable,1250,WD,Normal,139000
1276,11345,Pave,AllPub,Corner,NAmes,2Story,1948,Gable,1920,WD,Normal,137000
1280,7500,Pave,AllPub,Inside,IDOTRR,1.5Fin,1920,Gable,1128,COD,Abnorml,68400
1281,9808,Pave,AllPub,Inside,CollgCr,1Story,2002,Gable,1573,WD,Normal,227000
1282,8049,Pave,AllPub,CulDSac,Timber,1Story,1990,Hip,1339,WD,Normal,180000
1283,8800,Pave,AllPub,Inside,CollgCr,1Story,1977,Gable,1040,WD,Normal,150500
1284,9400,Pave,AllPub,Corner,Mitchel,2Story,1971,Mansard,1824,WD,Normal,139000
1285,9638,Pave,AllPub,Inside,SWISU,1.5Fin,1919,Gable,2447,WD,Normal,169000
1287,9790,Pave,AllPub,Inside,NWAmes,1Story,1963,Hip,1328,WD,Normal,143000
1288,36500,Pave,AllPub,Inside,ClearCr,1Story,1964,Gable,1582,WD,Normal,190000
1290,11065,Pave,AllPub,Inside,NridgHt,2Story,2006,Gable,1970,New,Partial,281000
1291,14112,Pave,AllPub,Corner,NAmes,SLvl,1964,Hip,1152,WD,Normal,180500
1293,6600,Pave,AllPub,Corner,OldTown,2Story,1892,Gable,2372,WD,Normal,107500
1295,8172,Pave,AllPub,Inside,Edwards,1Story,1955,Hip,864,WD,Normal,115000
1296,8400,Pave,AllPub,Inside,NAmes,1Story,1968,Hip,1052,WD,Normal,138500
1298,3675,Pave,AllPub,Inside,Edwards,SFoyer,2005,Gable,1072,New,Partial,140000
1299,63887,Pave,AllPub,Corner,Edwards,2Story,2008,Hip,5642,New,Partial,160000
1302,7500,Pave,AllPub,Inside,Crawfor,2Story,1942,Gable,1494,WD,Normal,177500
1304,8688,Pave,AllPub,Inside,Somerst,1Story,2005,Gable,1616,WD,Normal,232000
1305,3363,Pave,AllPub,Inside,Edwards,2Story,2004,Gable,1708,WD,Normal,130000
1307,6955,Pave,AllPub,Inside,NridgHt,1Story,2005,Gable,1368,New,Partial,202500
1308,8072,Pave,AllPub,Inside,CollgCr,1Story,1994,Gable,990,WD,Normal,138000
1309,12000,Pave,AllPub,Inside,OldTown,1Story,1948,Gable,1122,WD,Normal,147000
1310,7153,Pave,AllPub,Inside,SawyerW,1Story,1991,Gable,1294,WD,Normal,179200
1311,17500,Pave,AllPub,Inside,Crawfor,1Story,1959,Gable,1902,WD,Normal,335000
1312,8814,Pave,AllPub,Inside,CollgCr,1Story,2005,Gable,1274,New,Partial,203000
1313,9572,Pave,AllPub,Inside,NoRidge,2Story,1990,Gable,2810,WD,Normal,302000
1315,8190,Pave,AllPub,Inside,Edwards,1Story,1954,Hip,948,WD,Normal,119000
1317,10226,Pave,AllPub,Inside,CollgCr,1Story,2008,Gable,1630,WD,Normal,295493
1318,4230,Pave,AllPub,Corner,Somerst,1Story,2006,Gable,1352,New,Partial,208900
1320,10215,Pave,AllPub,Inside,Edwards,1Story,1954,Hip,948,WD,Normal,111000
1324,5330,Pave,AllPub,Inside,BrkSide,1Story,1940,Hip,708,WD,Normal,82500
1326,3636,Pave,AllPub,Inside,IDOTRR,1Story,1922,Gable,796,WD,Normal,55000
1327,4270,Pave,AllPub,Inside,Edwards,1Story,1931,Gable,774,WD,Normal,79000
1328,6600,Pave,AllPub,Inside,Mitchel,1Story,1982,Gable,816,WD,Normal,130500
1331,10000,Pave,AllPub,Inside,Somerst,1Story,2006,Hip,1588,WD,Normal,227000
1332,10780,Pave,AllPub,Inside,CollgCr,SLvl,1976,Gable,954,WD,Normal,132500
1334,7200,Pave,AllPub,Corner,IDOTRR,1.5Fin,1938,Gable,1360,WD,Normal,125500
1337,9246,Pave,AllPub,Inside,NWAmes,1Story,1973,Gable,1656,WD,Normal,135000
1338,4118,Pave,AllPub,Corner,OldTown,1Story,1941,Gable,693,WD,Normal,52500
1339,13450,Pave,AllPub,Corner,CollgCr,2Story,2002,Gable,1861,WD,Normal,200000
1340,9560,Pave,AllPub,Corner,CollgCr,1Story,1972,Hip,864,WD,Normal,128500
1342,13695,Pave,AllPub,Inside,SawyerW,1Story,2003,Gable,1114,WD,Normal,155000
1343,9375,Pave,AllPub,Inside,CollgCr,2Story,2002,Gable,2169,WD,Normal,228500
1346,6000,Pave,AllPub,Inside,OldTown,1Story,1920,Hip,960,WD,Normal,108500
1347,20781,Pave,AllPub,CulDSac,NWAmes,1Story,1968,Hip,2156,WD,Normal,262500
1350,5250,Pave,AllPub,Inside,OldTown,2Story,1872,Gable,2358,WD,Normal,122000
1351,11643,Pave,AllPub,Inside,NAmes,2Story,1969,Gable,2634,WD,Normal,200000
1353,6000,Pave,AllPub,Inside,BrkSide,1.5Fin,1937,Gable,1176,WD,Normal,134900
1355,10316,Pave,AllPub,Inside,CollgCr,2Story,2000,Gable,1865,WD,Normal,235000
1356,10192,Pave,AllPub,Inside,NWAmes,SLvl,1968,Gable,1920,WD,Normal,170000
1357,9477,Pave,AllPub,Corner,NAmes,1Story,1966,Gable,892,WD,Normal,110000
1358,12537,Pave,AllPub,CulDSac,NAmes,1Story,1971,Gable,1078,WD,Normal,149900
1359,2117,Pave,AllPub,Inside,Somerst,2Story,2000,Gable,1573,WD,Normal,177500
1361,9842,Pave,AllPub,Inside,SWISU,2Story,1921,Gable,2601,WD,Normal,189000
1362,16158,Pave,AllPub,Inside,StoneBr,1Story,2005,Hip,1530,WD,Normal,260000
1366,7500,Pave,AllPub,Inside,Somerst,2Story,2000,Gable,1674,WD,Normal,216000
1367,9179,Pave,AllPub,Inside,CollgCr,2Story,1999,Gable,1790,WD,Abnorml,193000
1368,2665,Pave,AllPub,Inside,MeadowV,2Story,1977,Gable,1475,WD,Normal,127000
1369,4435,Pave,AllPub,Inside,CollgCr,1Story,2003,Gable,848,WD,Normal,144000
1371,5400,Pave,AllPub,Corner,OldTown,1.5Fin,1920,Gable,1374,WD,Normal,105000
1372,9600,Pave,AllPub,Inside,NAmes,SLvl,1955,Hip,1661,WD,Normal,165500
1373,9750,Pave,AllPub,Corner,CollgCr,2Story,1998,Gable,2097,WD,Normal,274300
1374,11400,Pave,AllPub,Inside,NoRidge,1Story,2001,Hip,2633,WD,Normal,466500
1375,10625,Pave,AllPub,Inside,Somerst,2Story,2005,Gable,1958,WD,Normal,250000
1376,10991,Pave,AllPub,Inside,Timber,1Story,2007,Gable,1571,New,Partial,239000
1377,6292,Pave,AllPub,Inside,SWISU,1Story,1930,Gable,790,WD,Normal,91000
1379,1953,Pave,AllPub,Inside,BrDale,2Story,1973,Gable,987,WD,Normal,83000
1381,8212,Pave,AllPub,Inside,Edwards,1Story,1914,Gable,864,WD,Normal,58500
1382,12925,Pave,AllPub,Corner,NAmes,1Story,1970,Gable,2117,WD,Normal,237500
1385,9060,Pave,AllPub,Inside,Edwards,1.5Fin,1939,Gable,1258,WD,Normal,105000
1386,5436,Pave,AllPub,Inside,IDOTRR,1.5Fin,1922,Gable,1154,WD,Normal,125500
1387,16692,Pave,AllPub,Inside,NWAmes,2Story,1978,Gable,2784,WD,Normal,250000
1389,14892,Pave,AllPub,CulDSac,Gilbert,1Story,2006,Gable,1746,WD,Normal,377500
1391,9100,Pave,AllPub,Inside,CollgCr,1Story,2000,Gable,1525,WD,Normal,235000
1394,10800,Pave,AllPub,Inside,OldTown,1.5Fin,1905,Gable,1912,WD,Normal,163000
1396,12665,Pave,AllPub,Inside,Timber,2Story,2005,Hip,2482,WD,Normal,281213
1397,57200,Pave,AllPub,Inside,Timber,1Story,1948,Gable,1687,WD,Normal,160000
1398,6120,Pave,AllPub,Inside,BrkSide,2Story,1920,Gable,1513,WD,Normal,137500
1401,6000,Pave,AllPub,Corner,BrkSide,1.5Fin,1929,Gable,1158,WD,Normal,120000
1402,7415,Pave,AllPub,Inside,Gilbert,2Story,2004,Gable,1593,WD,Normal,193000
1403,6762,Pave,AllPub,Inside,CollgCr,1Story,2006,Gable,1294,New,Partial,193879
1405,10410,Pave,AllPub,Corner,OldTown,1.5Fin,1915,Gable,1214,WD,Family,105000
1406,3842,Pave,AllPub,Inside,Crawfor,1Story,2004,Hip,1646,WD,Normal,275000
1407,8445,Pave,AllPub,Corner,CollgCr,SFoyer,1972,Gable,768,WD,Normal,133000
1408,8780,Pave,AllPub,Corner,Mitchel,1Story,1985,Gable,833,WD,Normal,112000
1409,7740,Pave,AllPub,Inside,OldTown,2Story,1910,Gable,1363,WD,Normal,125500
1410,20544,Pave,AllPub,CulDSac,NWAmes,2Story,1986,Gable,2093,WD,Normal,215000
1411,12420,Pave,AllPub,Inside,CollgCr,2Story,2001,Gable,1840,WD,Normal,230000
1412,9600,Pave,AllPub,Inside,NAmes,1.5Fin,1950,Gable,1668,WD,Normal,140000
1413,7200,Pave,AllPub,Inside,NAmes,1Story,1949,Gable,1040,WD,Normal,90000
1414,10994,Pave,AllPub,Corner,SawyerW,1Story,2005,Gable,1844,COD,Abnorml,257000
1415,13053,Pave,AllPub,Inside,BrkSide,1.5Fin,1923,Gambrel,1848,WD,Normal,207000
1416,3635,Pave,AllPub,Inside,Blmngtn,1Story,2007,Hip,1569,WD,Normal,175900
1417,11340,Pave,AllPub,Inside,OldTown,2Story,1885,Gable,2290,WD,Normal,122500
1418,16545,Pave,AllPub,Inside,NoRidge,2Story,1998,Gable,2450,WD,Normal,340000
1421,11700,Pave,AllPub,Corner,NWAmes,2Story,1968,Gable,1416,WD,Normal,179900
1423,4435,Pave,AllPub,Inside,CollgCr,1Story,2003,Gable,848,WD,Normal,136500
1425,9503,Pave,AllPub,Inside,NAmes,1Story,1958,Hip,1344,WD,Normal,144000
1426,10721,Pave,AllPub,Inside,NAmes,1Story,1959,Hip,1252,WD,Normal,142000
1428,10930,Pave,AllPub,Inside,NAmes,1.5Fin,1945,Gable,1558,WD,Normal,140000
1429,7200,Pave,AllPub,Corner,OldTown,1Story,1940,Gable,804,WD,Abnorml,119000
1430,12546,Pave,AllPub,Corner,NWAmes,1Story,1981,Gable,1440,WD,Normal,182900
1431,21930,Pave,AllPub,Inside,Gilbert,2Story,2005,Gable,1838,WD,Normal,192140
1432,4928,Pave,AllPub,Inside,NPkVill,1Story,1976,Gable,958,WD,Normal,143750
1433,10800,Pave,AllPub,Inside,OldTown,1Story,1927,Gable,968,WD,Normal,64500
1436,8400,Pave,AllPub,Inside,NAmes,1Story,1962,Gable,1537,COD,Abnorml,174000
1442,4426,Pave,AllPub,Inside,CollgCr,1Story,2004,Gable,848,WD,Normal,149300
1444,8854,Pave,AllPub,Inside,BrkSide,1.5Unf,1916,Gable,952,WD,Normal,121000
1445,8500,Pave,AllPub,FR2,CollgCr,1Story,2004,Gable,1422,WD,Normal,179600
1447,26142,Pave,AllPub,CulDSac,Mitchel,1Story,1962,Gable,1188,WD,Normal,157900
1449,11767,Pave,AllPub,Inside,Edwards,2Story,1910,Gable,1346,WD,Normal,112000
1450,1533,Pave,AllPub,Inside,MeadowV,SFoyer,1970,Gable,630,WD,Abnorml,92000
1452,9262,Pave,AllPub,Inside,Somerst,1Story,2008,Gable,1578,New,Partial,287090
1453,3675,Pave,AllPub,Inside,Edwards,SLvl,2005,Gable,1072,WD,Normal,145000
1454,17217,Pave,AllPub,Inside,Mitchel,1Story,2006,Gable,1140,WD,Abnorml,84500
1456,7917,Pave,AllPub,Inside,Gilbert,2Story,1999,Gable,1647,WD,Normal,175000
1457,13175,Pave,AllPub,Inside,NWAmes,1Story,1978,Gable,2073,WD,Normal,210000
1458,9042,Pave,AllPub,Inside,Crawfor,2Story,1941,Gable,2340,WD,Normal,266500
1460,9937,Pave,AllPub,Inside,Edwards,1Story,1965,Gable,1256,WD,Normal,147500
